,Unnamed: 0,company,title,description,salary,tags,location,labels,link,index
0,0,SpeechOcean,双胞胎手掌采集,"工作时间：不限
工作时段：不限
结算方式：日结
招聘截止时间：2023-11-30
#双胞胎手掌采集#
【岗位职责】 
根据要求进行采集，主要是拍照
【岗位要求】
1.需同卵双胞胎
2.在北京直接来公司就可以，外地的双胞胎较多我们可出差采集（具体可议）
【薪资水平】350-450/人；
【项目周期】只需要2小时左右，具体时间可议
【公司地址】：北京市海淀区成府路28号优盛大厦D座",100-150元/时,"['北京', '经验不限', '学历不限']",北京海淀区优盛大厦D座(五道口购物中心)D座,['双胞胎'],https://www.zhipin.com/job_detail/dffcfd448427d9fb1Xx-29q9E1tY.html,
1,3,SpeechOcean,Part-time in minor languages,"【Job Description】
1.Responsible for the labeling of some foreign language projects
2.Assist in refining project rules and answer questions about local linguistics
3.Assist the person in charge to organize project data
【Job requirements】
1.Native speakers of global languages are preferred
2.Have a relevant linguistic background, or some experience with labeling
3.You can work online, and there are no working hours
【Salary】Pay-as-you-go
It can be talked about according to the content and difficulty of the work
【Company address】
U-Center Building, No. 28 Chengfu Road, Haidian District, Beijing",15-20K,"['北京', '经验不限', '本科']",北京海淀区优盛大厦D座801,['小语种'],https://www.zhipin.com/job_detail/c76ac9fdf1ec5a0e1Xx509y5E1ZY.html,
2,6,SpeechOcean,网络小说写手,"工作时间：不限
工作时段：不限
结算方式：完工结
招聘截止时间：2023-12-25
此岗位是兼职，需要是以下3部小说的书粉《十日终焉》《你犯剑 我发癫 练手拯救娱乐圈》《开局长生万古，苟到天荒地老》
同时有一定的文学功底，平时爱写网文爱看网文
对给定的网络小说进行二次创作，比如模拟主角口吻人设进行对话构造
线上办公，具体办公时间无要求，能按时完成任务即可
价格私聊",120-150元/时,"['北京', '经验不限', '学历不限']",北京海淀区优盛大厦D座,"['兼职', '按件计费', '网络小说', '悬疑推理']",https://www.zhipin.com/job_detail/308b46a0261e37a71HV93d64FlpQ.html,
3,9,SpeechOcean,葡语项目助理,"1.岗位职责：

1）确认项目需求、制定项目计划；

2）把控项目工期、做好项目预算并规避风险、做好进度报告；

3）做好内部和跨部门之间的协调和沟通、做好项目扩展和资源累计；

4）制定项目实施的工资结算、报销和决算并做好项目数据质量管理；

2.任职条件：

1）英语CET-6以上；本科及以上学历；有语言优势的优先；

2）有良好的职业道德和职业操守，擅于沟通与协调，良好的团队合作意识，较高的敏感度及一定的判断能力；

3）责任心强，工作细致认真，办事有条理，细心周到，能够从容应对突发事件并妥善上报与协调；

【公司福利】：

七险一金+季度奖+年终奖+免费体检+节假日福利+带薪年假+员工旅游+餐补",8-10K·16薪,"['北京', '经验不限', '本科']",北京海淀区优盛大厦D座(五道口购物中心)801,"['葡萄牙语', '巴葡']",https://www.zhipin.com/job_detail/9a2728e2bfb5858c1nJ40tq5EFBR.html,
4,12,SpeechOcean,远程加利西亚语,"【工作内容】
10万词条加利西亚语发音词典校对：给出词条及X-Sampa发音，检查并更正给定词条的拼写和音标错误 
【工作要求】
1、加利西亚语专业或本族语者；具备语言学基础，优质高效，时间充裕；
2、自备个人电脑，学习理解能力优先。
【工作时间】
工期2个月，每天至少3-4小时；
【薪资待遇】
250元/1000词；",200-300元/天,"['北京', '3天/周 2个月', '学历不限']",北京海淀区优盛大厦D座(五道口购物中心)D801,"['CATTI一级翻译', 'CATTI二级翻译', 'CATTI三级翻译', 'SIA', 'CATTI', '兼职']",https://www.zhipin.com/job_detail/df056f03e254d9791nx72dy_EVpR.html,
5,14,SpeechOcean,项目助理（小语种）,"1.岗位职责：

1）确认项目需求、制定项目计划、把控项目工期、做好项目预算并规避风险、做好进度报告

2）做好内部和跨部门之间的协调和沟通、做好项目扩展和资源累计；

3） 维护老客户，开发新客户，内部团队管理；

4）制定项目实施的工资结算、报销和决算并做好项目数据质量管理；

2.任职条件：

1）英语CET-6以上；本科及以上学历；有语言优势的优先；

2）有良好的职业道德和职业操守，擅于沟通与协调，良好的团队合作意识，较高的敏感度及一定的判断能力；

3）责任心强，工作细致认真，办事有条理，细心周到，能够从容应对突发事件并妥善上报与协调；

3.工作时间：8小时工作制，双休，弹性工作制

【公司福利】：

七险一金+季度奖+年终奖+免费体检+节假日福利+带薪年假+员工旅游+餐补",8-10K·16薪,"['北京', '经验不限', '本科']",北京海淀区优盛大厦D座(五道口购物中心)801,"['英语', '葡萄牙语', '意大利语', '德语', '亚非', '乌克兰语', '瑞典语', '捷克语']",https://www.zhipin.com/job_detail/8ac7434c4afd2b4803R62dW0FVM~.html,
6,17,SpeechOcean,项目经理-英语（或其他语种）,"岗位职责：
1、确认项目需求，制定项目计划，拟定项目预算；
2、推动项目执行与监控，做好项目过程中的部门内、跨部门、以及客户沟通协调工作，及时解决问题；
3、控制项目成本，关注项目质量及工期，确保项目按期、保质完成；
4、维系良好的客户关系，跟进项目反馈，完成项目验收；
5、完成公司内部结项流程，进行项目总结工作。
任职资格：
1、本科及以上学历，外语类或计算机相关专业，3年以上项目管理经验，语音数据行业优先；
2、英语六级以上，口语流利，可无障碍沟通，有其他外语能力加分（尤其日语）；
3、沟通协调能力强，责任心强，具有良好的团队合作精神；
4、逻辑清晰，具有良好的学习能力、独立思考能力，以及解决问题能力；
5、抗压能力强，计划在北京长期发展。",16-30K·16薪,"['北京', '3-5年', '本科']",北京海淀区领航科技大厦4层海天瑞声,"['计算机相关专业', '大数据项目管理经验', '售前支持经验', 'PMP', 'PMI-ACP', 'ASR', '英语', '语音']",https://www.zhipin.com/job_detail/42a93900ea4dfee71HF52tu8F1VX.html,
7,0,Magic Data,ChatGPT训练师实习生,"工作职责：
1, 人机对话，即人类不断地向机器进行提问，而机器根据问题给出答复；
2, 做好针对项目规范的答疑与问题梳理；
3, 完成领导分配的其他任务。

工作要求: 
1, 在校大三、大四或研二、研三，文科专业优先 ； 
2, 认真细心，对文字有敏感度，有一定的抗压能力和自驱力，有团队合作精神； 
3, 一周能工作4天以上，至少三个月以上，长期实习优先。",150-180元/天,"['北京', '4天/周 3个月', '本科']",北京海淀区海淀文教产业园G座5层501,"['兼职工作', '数据标注', '文本标注', '标注结果整理', '标注结果抽查', 'chatGPT']",https://www.zhipin.com/job_detail/89c25ea485bf9e9a1XNz29y_EVdU.html,
8,2,Magic Data,项目经理ASR,"1、语音采集和标注项目的各方面组织协调。
2、负责和客户对接项目，理解项目需求，梳理规范，培训管理。
3、跟进项目进度，解答标注员疑问。
4、质检验收标注员的产出数据，达到项目要求的质量及工期
5、月度统计工作量，完成项目结算。
6、项目管理、对接客户、把控质量工期及成本。
任职要求：
1、本科及以上学历，能英语沟通优先。
2、文字阅读理解能力优，思维敏感。
3、良好的抗压能力，乐观、积极、有较强的自我驱动力和职业发展计划，擅长与人沟通。
4、熟练使用excel,word等办公软件，对于新的工具有较快的学习能力。
5、良好的职业道德和职业操守，善于沟通与协调，良好的团队合作意识。
我们有码力超强的技术团队，经验丰富的销售团队，专业可靠的项目团队；我们提供七险一金、有额外的商业补充医疗保险、意外伤害险；每天提供零食饮料、有趣的团建活动、弹性工作制、舒适的办公环境、节假日福利。
如果你对人工智能、高科技充满兴趣，如果你追求卓越、简单可靠，如果你充满创业心态、聪明皮实，请加入我们吧！",12-18K,"['北京', '3-5年', '本科']",北京海淀区北三环中路44号院文教产业园G座5层,['非技术项目管理'],https://www.zhipin.com/job_detail/ac8d31027afb7c681HV_3NS7EFtU.html,
9,5,Magic Data,项目助理,"任职要求：
1.语言学相关专业本科以上，如语言学及应用语言学/汉语言文字学/方言学等；
2.熟悉语音学的基本知识，听音辨音能力强，可以灵活运用IPA标注语音；
3.英语能力达到六级以上水平，有托雅成绩优先，听说读写能力均衡发展；
4.对方言有一定的理解，有相关的研究经历（做过课题、项目或者写过论文），或者方言采集经历的优先考虑；
5.对人工智能、计算机相关领域感兴趣，并愿意学习。

工作内容：
1.确认产品需求，做好产品生产过程中的沟通协调工作，及时解决过程中出现的问题；
2.负责产品验收，保证产品最终交付质量；
3.按产品需求完成产品制作；
4.其他和产品相关的中英文档撰写、数据分析、调研等工作；
5.领导交办其它事情。

加分项
有以下行业经验：大数据",7-9K,"['北京', '经验不限', '本科']",北京海淀区海淀文教产业园G座4层,"['语言学', '英语', '项目助理']",https://www.zhipin.com/job_detail/e8af47cf9f3ba6401nN529W7FVVZ.html,
10,8,Magic Data,AI解决方案工程师,"我们正在寻找一名AI解决方案工程师，为海外客户提供专业的人工智能解决方案。作为一名AI解决方案工程师，你在新客户关系和现有客户关系的增长和发展中扮演着至关重要的角色。您的主要职责之一是充当客户和我们的人工智能数据团队之间的联络人，专注于促进顺利的购买过程。

岗位职责：
1、销售数据集产品和数据服务解决方案；
2、建立、发展和管理客户关系；
3、促进与每个客户的购买过程；
4、针对新客户制定和实施有效的销售策略；包括陌生电话和客户现场访问；
5、为客户提供技术支持；
6、定期与客户沟通，讨论他们的具体需求，提出建议，解决服务问题；
7、与数据项目经理和工程师合作，以帮助定义项目需求；

任职要求：
1、人工智能等领域的大学本科或以上学历；
2、在人工智能行业有1年及以上工作经验，英语流利；
3、人工智能的知识和对数据的熟悉度；
4、优秀的书面、口头沟通和公众演讲能力（包括但不限于中文及英文）；
5、卓越的组织能力和时间管理能力；


关于Magic Data

北京晴数智慧科技有限公司（Magic Data）主要从事人工智能数据服务的采集标注服务和数据集的销售。公司总部位于北京，在中国拥有数据处理中心，在香港拥有全资子公司。

Magic Data致力于为客户提供多维度、高精度、可靠的数据。这些数据围绕着五个前瞻性维度展开：覆盖范围、多维性、及时性、高精度和法规遵从性特征，以确保客户对结构化数据的总体需求。

Magic Data有承包商，覆盖了全球50种主要使用的语言。我们的主要客户包括但不限于世界各地的企业集团，包括保险金融、AIoT、社交媒体和电动汽车制造商。",15-30K,"['北京', '1-3年', '本科']",北京海淀区海淀文教产业园G座5层501,"['深度学习', '语音算法', '大数据处理工具(Spark/Hadoop/Hive)', '算法工程化经验']",https://www.zhipin.com/job_detail/4538a83dfcaa9fe21XB529S_GVNW.html,
11,11,Magic Data,项目经理/项目主管,"工作内容
1.管理项目团队,保证团队的正常运营，协调解决项目和项目经理、组长工作上的问题。
2. 保障所有任务类型交付。
3. 保障所有任务标注数据交付（组内交付标效和质量合格率）达到项目要求。
4. 提升管辖团队凝聚力。

任职要求：
1）本科及以上学历，有团队管理经验。
2）有良好的职业道德和职业操守，擅于沟通与协调，良好的团队合作意识，较高的敏感度及一定的判断能力。
3）责任心强，工作细致认真，办事有条理，细心周到，能够从容应对突发事件并妥善上报与协调。

说明：本岗位偏管理类、工作地点是洛阳。

加分项
有以下行业经验：大数据·互联网·通信/网络设备",4-6K,"['洛阳', '1-3年', '本科']",洛阳洛龙区洛阳恒生科技园A区6栋905室,"['责任心', '中大型软件项目管理经验', '团队管理', '非技术项目管理', '大数据项目管理经验']",https://www.zhipin.com/job_detail/35bffd88b359b2551XB839W6ElRT.html,
12,14,Magic Data,ASR项目实习生,"工作内容：
1、辅助语音TTS标注项目的各方面组织协调。
2、辅助和客户对接项目，理解项目需求，梳理规范，培训管理。
3、跟进项目进度，解答标注员疑问。
4、质检验收标注员的产出数据，达到项目要求的质量及工期
5、月度统计工作量，完成项目结算。

任职要求：
1、本科及以上学历，英语优秀，能英语沟通优先。
2、文字阅读理解能力优，思维敏感。
3、良好的抗压能力，乐观、积极、有较强的自我驱动力和职业发展计划，擅长与人沟通。
4、熟练使用excel,word等办公软件，对于新的工具有较快的学习能力。
5、良好的职业道德和职业操守，善于沟通与协调，良好的团队合作意识。",190-200元/天,"['北京', '4天/周 2个月', '学历不限']",北京海淀区海淀文教产业园G座5层501,"['兼职', '坐班']",https://www.zhipin.com/job_detail/e3994119f412c77b1X1_29i-EVBY.html,
13,16,Magic Data,方言验收实习生,"1.验收闽南语、陕西西安方言
2.需要至少2人
3.主要是检查文本和音频是否一致
4.细心、负责优先
5.上岗时间：本周到岗，每周至少来3-4天",170-180元/天,"['北京', '3天/周 2个月', '学历不限']",北京海淀区海淀文教产业园G座5层501,['兼职'],https://www.zhipin.com/job_detail/096fcc83839fe3d21XJ52d24ElFT.html,
14,18,Magic Data,ASR项目经理,"岗位职责：
1）确认项目需求、制定项目计划、把控项目工期和质量、做好项目数据质量管理并规避风险、做好进度等报告
2）做好内部和跨部门之间的协调和沟通、做好项目扩展和执行优化；
3）维护老客户，内部团队管理；
4）制定项目实施的工资结算、报销和决算并做好资源累计；
5）优化项目流程，有效提高组员项目产能。
 
任职条件：
1）本科及以上学历；
2）有2年以上相关工作经验，有管理经验为佳；
4）有良好的职业道德和职业操守，擅于沟通与协调，良好的团队合作意识，较高的敏感度及一定的判断能力；
5）责任心强，工作细致认真，办事有条理，细心周到，能够从容应对突发事件并妥善上报与协调；

我们有码力超强的技术团队，经验丰富的销售团队，专业可靠的项目团队；我们提供七险一金、有额外的商业补充医疗保险、意外伤害险；每天提供零食饮料、有趣的团建活动、弹性工作制、舒适的办公环境、节假日福利。

如果你对人工智能、高科技充满兴趣，如果你追求卓越、简单可靠，如果你充满创业心态、聪明皮实，请加入我们吧！",11-18K,"['北京', '1-3年', '本科']",北京海淀区海淀文教产业园G座5层501,"['音频', 'ASR', '语音']",https://www.zhipin.com/job_detail/4a0574ea3e8e872e1Xd_39i1EFBY.html,
15,0,数据堂,运维工程师,"工作内容：

负责和参与公司平台、数据库及各类中间件的部署、运维，涉及多台规模服务器，保障服务器稳定性和可用性。

任职要求：
1. 精通Linux操作系统的配置，管理及优化，能够独立排查及解决操作系统层的各类问题；
2. 掌握nginx，kafka，zabbix，docker，MongoDB，zookeeper，Samba等部署，有实际部署经验；
3. 熟悉 MySQL 数据库维护；
4. 可以编写简单的Python脚本，了解Java，有良好的系统性能优化及故障排除能力；
5. 协助编写项目相关文档；
6. 协助项目经理完成项目管理工作，推动项目验收；
7.该岗位需要出差；",7-10K,"['合肥', '1-3年', '大专']",合肥蜀山区蜀山区国际电子商务产业园四期D栋人工智能大厦12层,"['Linux', 'Python', 'Java', '服务器配置', '容器技术', '分布式技术', 'Nginx', 'Docker']",https://www.zhipin.com/job_detail/dd888fa0f8d483df1nZ83N21GFVQ.html,
16,3,数据堂,标注质检员,"1.熟练掌握各类数据标注项目的规则及标注工具使用技巧，能够根据项目具体要求高质量地完成各类项目的标注工作;
2.对标注过程中的问题进行记录和反馈，根据需求方的意见和验收结果调整标注方法、完善标注规则;
3.负责数据标注任务的拆分与发布，监控项目进度和生产效率，及时通报进展并维护相关数据报表;
4.按照要求合并或整理标注结果，并对标注结果及验收意见进行分析;
5.定期总结，基于自身使用体验及用户反馈等信息提出对标注平台优化建议或项目效率改进方案;
6.在要求的期限内完成合格数据交付，对结果负责
任职要求:
1、有3d点云标注经验，对特定内容、图像等数据敏感，可判别数据内容的分类特征；
2、能依据具体的标准，完成各模型的效果评定；
3、有数据标注经验者、对机器学习的相关基本原理有了解者优先，接触学习过Linux系统相关命令者优先；
4、主动学习，沟通顺畅，能快速熟练掌握各类判别标准；
5、全日制专科及以上学历。",3-4K,"['保定', '经验不限', '大专']",保定莲池区保定莲池区双创基地无,"['全职工作', '标注方法优化', '标注结果抽查', '标注结果整理', '图片标注', '文本标注', '区域标注', '描点标注', '分类标注', '数据分析能力强']",https://www.zhipin.com/job_detail/5c09df711f4adb491XJz3dm1FVFY.html,
17,6,数据堂,销售经理(深圳),"你能收获到什么:
欢迎来到数据堂销售团队，如果你成功的加入我们,将会得到系统的行业知识培训，和销售体系培训，有竞争力的薪酬:底薪(8-15k）+销售提成〔10-40w)。如果你足够优秀,还可以挑战更高的提成，以及多次加薪。
数据堂有一群真诚聪明,积极热情的小伙伴,致力于实现“用数据支撑Al，以智能改变世界""的发展愿景。为客户提供专业的，高质量的，安全合规的数据服务，赋能人工智能应用,驱动行业升级，在AI数据领域与公司共同发展。

我们为你提供:
1、更好的工作氛围，扁平管理，团队热情有活力，各种节日福利充满人文关怀和幸福感;
2、更好的成长机会，全方位培训体系，新人培训，定期分享会，开放的数据堂知识库，为你的成长保驾护航;
3、入职缴纳五险一金，意外险,补充医疗险（涵盖配偶及子女)，体检，集体活动多多;
4、双休法定假，带薪年假，病假，婚假，产假，哺乳假，调休，统统都享受.

你的工作内容：
1、开拓国内人工智能大数据市场，发展新客户；
2、公司业务产品相关的销售工作，参与合同的谈判和签订；
3、维系现有老客户关系，挖掘客户需求，促成新订单；
4、了解客户状态，及时更新、维护、分析客户数据；
5、负责客户订单的跟踪和交付，并处理售后问题。

我们需要你：
1、全日制统招本科以上学历；985/211院校毕业优先；
2、了解互联网数据行业，形象好，气质佳，对新事物接受度高，学习能力强；
3、具有人工智能、大数据等行业工作或实习经验优先；
4、表达能力佳，工作认真踏实，善于思考和总结，有上进心；
5、开拓销售能力强，有一定承压能力。",10-15K,"['深圳', '1-3年', '本科']",深圳南山区讯美科技广场3号楼10层米瑞空间,"['面销/陌拜', '软件/企业服务产品', '对企业/机构（To B）销售经验', '企业服务', '企业（To B）', '面销/陌拜经验', '互联网/科技']",https://www.zhipin.com/job_detail/58e690af9cb42c091XV639W1GFNW.html,
18,9,数据堂,语音项目经理（售前）,"岗位职责:
1.梳理项目规范，统计分析项目评估及实施效率比，参与部分项目实施；
2.负责AI数据采集、标注项目的效率成本评估、试产及技术方案的等相关工作；
3.擅长多类型如朗读、对话、会议、方言、外语等语音或视频数据采集，擅长多类型语音、视频标注，包括音频切分、文本转写、角色标注、时间标注等；
4.有文本数据采标经验，包括信息抽取、实体关系标注、文本泛化、问答标注等；
5.有点云数据采标经验；
6.参与项目复盘和项目资料的归档。

任职资格:
1.本科及以上学历，英语6级；
2.有较强的统筹协调能力，做事细致，认真负责;
3.具有良好的抗压能力和快速应变能力；
4.具有2年以上单独执行或负责以上类型项目实施经验。
5、底薪10-15，根据评估成单有相应提成。",12-18K,"['北京', '1-3年', '本科']",北京海淀区数据堂(北京)科技股份有限公司1-4层,"['全职工作', '数据标注', '语音标注', '视频标注', '文本标注']",https://www.zhipin.com/job_detail/4aa28b7728021fa61Xx82du8E1pV.html,
19,12,数据堂,加拿大魁北克法语兼职,"工作周期：长期兼职
每周工期：2-3天
工作时间：不限
工作时段：不限
结算方式：完工结
招聘截止时间：2024-07-12
兼职：魁北克法语的线上质检。

工作内容：
1.根据规范，将语音内容转写为语言文本
2.按照规范将语音截取成句判断噪音，有效性等属性，具体按规范操作。

 工作要求：
1.转写的词准确率要能打到98%及以上
2.标签属性正确率达到85%及以上

工作时间：
灵活每日可根据自己时间工作。可在家线上兼职，使用公司平台可进行培训

费用薪资：
120元/有效小时

结算方式：
  按月根据客户验收合格的数据进行结算",120-150元/时,"['深圳', '经验不限', '大专']",深圳南山区阳光粤海广东省深圳市南山区粤海街道粤桂社区白石路3818号阳光粤海花园二期3栋803,['兼职'],https://www.zhipin.com/job_detail/9d47c1baf2efd3051HF83tu9EVdV.html,
20,15,数据堂,数据标注项目经理,"欢迎来到数据堂项目管理团队，如果你成功的加入我们，将会得到系统的行业知识培训，和项目体系培训。如果你足够优秀，还可以挑战“项目经理-高级项目经理-项目组主管-项目总监”晋升体系，多次加薪。
 数据堂有一群真诚聪明，积极热情的小伙伴，致力于实现“用数据支撑AI，以智能改变世界”的发展愿景。为客户提供专业的，高质量的，安全合规的数据服务，赋能人工智能应用，驱动行业升级，在AI数据领域与公司共同发展。
 
我们为你提供：
1、更好的工作氛围，扁平管理，团队热情有活力，各种节日福利充满人文关怀和幸福感；
2、更好的成长机会，全方位培训体系，新人培训、定期分享会、开放的数据堂知识库，为你的成长保驾护航；
3、入职缴纳五险一金，意外险，补充医疗险（涵盖配偶及子女），体检，集体活动多多；
4、双休法定假，带薪年假、病假，婚假，产假，哺乳假，调休，统统都享受。

你的工作内容：
1、确认项目需求，制定项目计划，拟定项目预算；
2、控制项目成本及进度，确保项目质量；
3、做好项目过程中的沟通协调工作，及时解决项目过程中出现的问题；
4、跟进客户反馈，完成项目验收及项目总结工作；
5、团队人员培养和管理。

我们需要你：
1、统招大专及以上学历，计算机或管理类专业，至少一年项目管理经验；
2、具备良好的沟通和执行能力，头脑灵活有责任心，学习能力强，能承受一定的工作压力；
3、具有良好的逻辑能力和对数据的敏感度，善于总结分析；
4、有AI数据采集、标注同行业经验优先考虑，有PMP证书优先考虑。

加分项
有以下行业经验：大数据",7-12K,"['保定', '1-3年', '大专']",保定竞秀区电谷科技中心3号楼,"['非技术项目管理', '计算机相关专业', '中大型软件项目管理经验', '团队管理经验', 'PMP', '英语沟通', '小语种', '外语']",https://www.zhipin.com/job_detail/1765532f7c4130f91XR53Nm0GVVR.html,
21,18,数据堂,项目经理（人工智能方向）,"岗位职责：
1、负责指定目标行业应用产品的策划、竞品分析与设计，组织策划、实施、发布系列化的产品推广资料；
2、负责项目的售前技术支持，完成售前咨询、方案设计、投标书制作、投标及应答；
3、协助销售对客户进行售前的技术讲解、技术交流、产品演示、招标答疑工作和技术澄清等工作；
4、做好用户沟通，需求整理，资料共享，技术协调等工作，协助产品、研发实现项目策划及组织实施工作。
任职资格：
1、具备优秀的文档编辑能力，能够独立完成产品解决方案，标书等文案的编写工作；   
2、具备良好的表达、沟通和协调能力，分析与解决问题的能力，项目掌控能力
3、有部署实施相关经验，熟悉Windows、Linux、Unix等主流操作系统的基本使用
4、熟练掌握MySQL、SQL server、Oracle等数据库的基本操纵；了解Tomcat等中间件。
5．可以接受长期出差安排。",7-10K,"['合肥', '1-3年', '大专']",合肥蜀山区蜀山区国际电子商务产业园四期D栋人工智能大厦12层,['项目经理'],https://www.zhipin.com/job_detail/fa852ad13b6691ff1nZ92t-_EFFQ.html,
22,0,MindFlow,大客户销售助理,"【岗位职责】
1、客户关系管理，与客户建立并维护长期合作关系，通过提供高价值服务，促进客户续约及增购；
2、准确识别和理解客户需求，并将客户需求和反馈进行收集分析，形成解决方案；
3、客户的日常维护，包括咨询跟进、问题处理、培训提升、知识库汇总等支持服务；
4、建立客户档案，洞察客户的生命周期，针对不同阶段客户给予相应的支持；
5、整理更新技术手册等实施文件，整理、挖掘、宣传典型客户案例。

【岗位要求】
1、全日制统招一本以上学历，1-3年B端商务经验，有自动驾驶背景及客户成功经验者优先；
2、思路清晰，逻辑性强，目标导向，具备较强的学习能力和钻研精神；
3、具备敏锐的市场洞察能力，善于发现和分析行业，了解行业发展趋势；
4、对工作有热情且有创业精神，能承受业务快速拓展时期的压力",10-15K·15薪,"['北京', '1-3年', '本科']",北京朝阳区望京SOHO T1A座1A座815,"['互联网/科技', '汽车', '沟通能力', '企业（To B）', '协助开发新客户', '协助维护客户关系', '对机构（To B）销售经验']",https://www.zhipin.com/job_detail/6a1bebc1981976311HN92du-EVFR.html,
23,3,MindFlow,产品经理,"薪资具体可谈~
岗位职责
1.负责标注平台工具类产品的落地，通过对工具模式、流程、操作的优化，提升自动驾驶3D/4D数据标注效率与质量
2.负责将AI能力与标注工具结合，关注标注行业市场动向，并分析竞品优劣，不断打造具有核心竞争力的产品
3.深入业务场景，洞察行业痛点与标注/验收需求，协同上下游及协同，推动产品迭代发展
4.追求标注、验收的极致体验，为效率与易用负责，追踪全流程和并持续打磨

职位要求
1.985/211本科及以上学历，计算机、软件工程、设计类相关专业优先
2.2年及以上ToB产品经验，有工具类产品经验优先。
3.具有清晰的逻辑思维框架，对业务数据敏感，善于分析问题背后的真相和核心原因
4.对用户行为和业务流程有敏锐的理解能力，有能发现问题的洞察力、判断力。
5.主动性强，能自驱地以目标与结果为导向做事
6.具备优秀的跨团队协作能力，能够协调业务、技术、算法团队拿下业务结果

加分项
有人工智能、新能源相关行业背景
有标注工具或设计类相关工具产品经验",18-30K·15薪,"['北京', '1-3年', '本科']",北京朝阳区望京SOHO T1A座1A座815,"['B端产品', '标注类产品', '设计类产品', '工具类产品']",https://www.zhipin.com/job_detail/d3954d54f96cc5df1HB729W6GVdX.html,
24,6,MindFlow,曼孚科技招聘供应链专员,"岗位职责
1.按照公司供应商开发管理流程，寻找开发合适的供应商
2.负责供应商绩效评估以及分类分级管理
3.负责供应商池的搭建和维护，根据业务完成供应商资源的匹配
4.负责结合供需关系市场，进行价格及成本调研，推动业务体系成本优化
参与上述供应商管理要求的供应商管理系统功能设计

岗位要求
1.本科及以上学历 
2.3年及以上互联网行业跨品类供应商管理经验
3.有供应商管理体系搭建经验者优先。
4.对数据敏感，善于从数据的变化中获取业务发生的变化并熟练使用数据分析工具；
5.对互联网产品有经验、有理解、有热情；
6.可接受短期出差，一周左右

优先：在数据标注，采集等人工智能领域具有至少1年的寻源采购经验，且带有采集，标注团队资源

原标题：《供应链专员》",9-14K·16薪,"['北京', '1-3年', '本科']",北京朝阳区望京SOHO T1A座0815,"['英语能力好', '中大型供应链管理经验']",https://www.zhipin.com/job_detail/ff810c736dbf45081HJ_39q4EVBQ.html,
25,9,MindFlow,产品经理,"岗位职责
1.和管理层一起制定公司战略规划，推动公司在3年内成为行业的TOP1，市场占有率超70%；
2.根据公司战略和行业发展走向，管理团队制定AI产品规划和落地实施；
3.持续挖掘用户需求进行产品创新，协调内外部资源推动产品功能实现及不断迭代；
4.负责产品生命周期管理、产品市场竞争情况分析以及新产品项目管理等。

任职要求
1.全日制本科及以上，985&211本科及以上；
2.有极其敏感的商业嗅觉，对科技公司的发展史、竞争策略了如指掌；
3.高度关注业务数据，善于通过分析业务数据来调整产品策略；
4.3年以上互联网数据平台产品经验或调度平台开发相关工作经验；
5.熟悉SAAS产品、中台产品设计开发的流程和细节；
6熟练掌握产品原型、流程图、思维导图等涉及工具，熟练掌握SQL；
7.良好的产品分析与设计思路、较强的逻辑分析能力、优秀的跨部门沟通能力、出色的快速学习能力、卓越的执行力；

优先条件：
1. 有人工智能领域产品相关工作经验或工作案例；

【我们为您提供】
1、专业系统的培训机制：新员工培训+部门培训+管理培训+岗位技能培训；
2、属于你的福利：带薪年假+不定期聚餐+节日福利+生日会+绩效奖金；
3、开心快乐的工作环境，学习文化氛围浓厚的办公环境，高人才密度的团队小伙伴；
4、便利的交通条件，望京SOHO逛吃很方便。",20-40K·18薪,"['北京', '3-5年', '本科']",北京朝阳区望京SOHOT1A座0815,"['功能产品', '策略产品', '人工智能产品', '平台产品', 'SAAS产品', 'B端产品', '市场调研', '产品规划']",https://www.zhipin.com/job_detail/cf1d95af6ce8b2cc1XR72Nm8FFRU.html,
26,12,MindFlow,中高级测试工程师,"岗位职责：
1.  参与曼孚相关业务平台测试的全流程，包括参与需求分析，设计评审，制定测试计划，设计和执行测试用例，进行缺陷跟踪和软件质量分析等；
2.  编织软件测试报告并评估质量；
3. 制定测试流程与相关标准；

岗位要求：
1.  全日制正规院校本科及以上学历，计算机、软件、通信、信息等相关专业；
2.  2-3年以上测试经验(不含实习)，非外包；
3.  精通python，shell，go，java等至少一种编程语言，熟悉Linux系统；
4.  面对工作目标自我驱动及管理能力强，有激情和责任心，优秀的团队沟通和协作能力，以开放性思维，谦逊和积极乐观的态度对待工作和同事；

优先条件：
1. 有标注页面测试经验
2.有中大型分布式系统测试经验者优先；
3. 有接口、UI自动化测试经验者优先；
4.  有知名互联网公司工作经验者；",11-16K·15薪,"['北京', '1-3年', '本科']",北京朝阳区望京SOHO T1A座1A座815,"['自动化测试', '功能测试', '性能测试', '测试工作经验', '自动化测试经验']",https://www.zhipin.com/job_detail/527e1e12ef9e095f1HR-0tm_E1ZW.html,
27,15,MindFlow,运维工程师,"岗位职责： 
1.负责本地Docker/K8S虚拟化平台部署、监控、运维工作； 
2.负责公有云各类云服务的日常运维。面向的云服务范围包含：计算、存储、容器、虚拟网络等基础类服务，PAAS、EI、AI、全局服务等高阶类服务。 
3.参与运维自动化脚本开发，积极实现容器运维自动化； 
4.编写并持续完善系统运维手册、部署文档、性能参数说明; 
5.各类故障和事务的应急响应和技术支持 。

岗位要求： 
1. 全日制正规院校本科及以上学历，计算机、软件、通信、信息等相关专业； 
2. 3年以上较大规模复杂生产环境的运维经验； 
3. 深入理解Linux系统及优化，熟练shell/python； 
优先条件： 
1. 有知名互联网公司从业经验者；",11-20K·16薪,"['杭州', '3-5年', '本科']",杭州滨江区联络大厦联络大厦B座1202,"['运维开发/DevOps', '系统运维', '网络运维', '计算机相关专业', '运维开发经验', '运维经验']",https://www.zhipin.com/job_detail/a167bac604347d111HN539m_FldY.html,
28,18,MindFlow,高级产品经理,"职位描述
1.负责公司某条平台产品线的需求定义和迭代，包括实现用户产能的管理、用户标签的挖掘与定义、用户匹配策略的设计、数据的统计与分析，对最终产品的价值负责；
2.协调资源推动产品功能实施，跟进项目进展，提高项目整体质量和开发效率;
3.负责产品上线后的功能推广工作，与公司内外部团队有效沟通，提升新产品在业务团队中的渗透，并搜集相关反馈，持续推进产品优化。

职位要求
1.本科及以上学历，3年产品经验，有人工智能、大数据相关行业背景优先；
2.有良好的产品分析、总结归纳能力，具有很好的跨团队沟通和协调能力，抗压能力强；
3.有广告引擎、推荐系统等策略类产品经验优先；
4.有团队管理经验优先

加分项
有以下行业经验：互联网",20-40K·16薪,"['北京', '3-5年', '本科']",北京朝阳区望京SOHOT1A座0815,"['功能产品', '策略产品', '产品设计', '数据产品', '人工智能产品', '平台产品', '中台产品', 'SAAS产品']",https://www.zhipin.com/job_detail/a7da106d21e5bc301Xd50tq9FlJT.html,
29,0,Konvery Data,商务BD,"岗位职责：
- 负责公司在指定行业领域的商务发展，并为营收负责；
- 通过行业洞察和分析，设计/完善市场开拓和客户服务的架构流程；
- 主导 BD，充分理解客户需求的基础上灵活协调内外部资源，推动产品服务的高效交付；
- 维护并发展客户关系，及时了解行业需求变化和趋势，并反馈给内部团队。

任职要求：
- 具备本科及以上学历，3年以上商务工作经验，具有自动驾驶领域工作经验者优先；
- 具有良好的行业和市场分析能力，能够通过框架性思考构建方法论和知识库；
- 客户导向和结果导向，思维敏捷，思路开阔，能够高效完成客户需求拆解和资源配置；
- 团队管理和内部协作能力佳；
- 具有自动驾驶领域资源为加分项。",20-40K·15薪,"['北京', '3-5年', '本科']",北京海淀区搜狐网络大厦2层,"['渠道合作', '商务谈判能力', '大客户', '大客户销售经验', '商务拓展', '招投标工作', '互联网/科技', '销售', '商务谈判']",https://www.zhipin.com/job_detail/af0b1b29410f336e1XZ53N65F1dW.html,
30,3,Konvery Data,大模型项目实习生（资源方向）,"工作内容：
1. 基于大模型方面的数据需求，支持寻找和招募人力资源；
2. 对人力进行培训和高效运营，来提升项目生产效率；
3. 配合项目经理完成必要的沟通和协调。

任职要求：
1. 高等院校在校学生，毕业时间不晚于2024年6月，能够保证每周4天以上，持续3个月以上的实习时间；
2. 有过招聘、社群运营等经验者优先；
3. 对人工智能和大模型有了解，会使用国内外大模型工具；
4. 有一定数据处理能力，会使用低代码工具者优先。",200-250元/天,"['北京', '4天/周 3个月', '本科']",北京海淀区搜狐网络大厦2层,"['大模型', '人工智能', '社群运营']",https://www.zhipin.com/job_detail/cc1c4ee90d95c8271HZ629S6E1ZZ.html,
31,5,Konvery Data,Python实习生,"岗位职责：
* 支持数据项目的数据分包和格式转换等脚本技术工作，并不断迭代相关解决方案；
* 参与数据生产项目的结果和过程分析，并基于数据提出和落地规模化方案，提升生产效率；
* 参与其他项目相关工作。

任职要求：
* 大学本科/研究生在读，计算机、软件工程相关专业/实习经验者优先；每周可至少工作4天，可持续实习6个月（2024.8-2025.2）；
* 具有一定Python编程经验，熟悉os、shutil、pandas等模块；熟悉json格式；了解 Sql 基本查询、表关联等功能，对数据库有基本了解；
* 对 AI 行业感兴趣，善于理解和学习，沟通能力强。",200-230元/天,"['北京', '4天/周 6个月', '本科']",北京海淀区搜狐网络大厦二楼,"['Pandas', 'MySQL', 'json', 'Python']",https://www.zhipin.com/job_detail/baac7e8e977ec1391HF63di7GFdX.html,
32,7,Konvery Data,运营经理,"职位描述：
1. 通过多样化的方式，包括但不限于校园合作、招聘渠道、社交平台、社群等方式，招募和运营人才资源；
2. 梳理和分析人员画像，迭代运营模式，提升人员在项目中的活跃度和产出；
3. 协调和沟通项目团队之间的工作，促进信息的流通和工作的协同，确保项目的顺利进行。

职位要求：
1. 全日制本科及以上学历，2年以上用户/社群运营工作经验者优先。
2. 逻辑性好，沟通能力佳，能够快速输入和输出信息。
3. 具有创新思路，能够灵活应对变化和未知，对人工智能和大模型有兴趣，能够主动学习和探索新的知识。
4. 具有一定数据分析能力，掌握数据分析工具的使用者优先。",13-25K,"['北京', '1-3年', '本科']",北京海淀区搜狐网络大厦2层,"['C端用户', '社群运营经验', '沟通能力好', '数据分析能力好', '不接受居家办公', '用户画像与分层', '社群搭建与维护', '精细化运营策略设计']",https://www.zhipin.com/job_detail/a2dcded9270317d21HZy2Nu_GFNS.html,
33,10,Konvery Data,解决方案经理,"岗位职责：
1. 与客户进行沟通，了解客户需求，提供专业的产品咨询和技术支持；协助团队制定销售策略和方案，为潜在客户提供定制化的解决方案。
2. 收集客户反馈，对产品和服务进行持续改进，提高客户满意度。
3. 协调内部资源，确保客户问题的及时解决，提高客户体验。
4. 与客户保持联系，维护良好的客户关系，持续挖掘服务机会。

任职要求：
1. 本科及以上学历，计算机科学等相关专业优先。
2. 5年左右商务/售前相关从业经验，具有人工智能数据行业经验优先。
3. 具有较强的沟通能力和表达能力，逻辑清晰，思路开阔，能够与客户进行专业的咨询式沟通。
4. 有团队协作精神，能积极参与跨部门的业务合作。
5. 能够接受差旅。

加分项
有以下行业经验：企业服务·大数据",25-35K·15薪,"['北京', '5-10年', '本科']",北京海淀区搜狐网络大厦2层,"['计算机/通信相关专业', '售前技术支持经验', '可适应出差']",https://www.zhipin.com/job_detail/006cc61cc5a7b8881X1_3Nq4GFZU.html,
34,13,Konvery Data,商务经理 - 大模型业务,"岗位职责：
- 负责公司在大模型行业领域的商务发展，并为营收负责；
- 通过行业洞察和分析，设计/完善市场开拓和客户服务的架构流程；
- 推动商务流程，完成商机到收入的高效率转化；
- 充分理解客户需求的基础上灵活协调内外部资源，推动产品服务的高效交付；
- 维护并发展客户关系，及时了解行业需求变化和趋势，并反馈给内部团队。

任职要求：
- 具备本科及以上学历，3年以上人工智能相关行业商务工作经验，具有大模型领域工作经验者优先；
- 具有良好的行业和市场分析能力，能够通过框架性思考构建方法论和知识库；
- 客户导向和结果导向，思维敏捷，思路开阔，能够高效完成客户需求拆解和资源配置；
- 团队管理和内部协作能力佳。",20-35K·15薪,"['北京', '3-5年', '本科']",北京海淀区搜狐网络大厦2层,"['商务洽谈能力', '资源整合能力', '项目执行推进能力', 'To B销售经验']",https://www.zhipin.com/job_detail/e7a3652f8123c30c1Hdz2Ni5FlJT.html,
35,16,Konvery Data,产品经理,"岗位职责：
1.  制定产品规划和设计：负责根据市场需求和业务目标，制定数据标注平台的产品开发规划和设计，包括产品功能、性能和用户体验的评估。  
2.  用户界面设计：负责设计数据标注平台的用户界面，包括数据标注工具的设计、用户流程的改进等，以便更好地满足用户需求，提升效率。 
3.  项目管理：负责与团队协作和管理项目，包括与开发、设计和运营团队进行沟通和协作，以确保产品能够按时、按质量完成。
4.  持续改进产品：负责关注市场和用户需求的变化，持续改进产品，包括产品的功能和性能的改进，以及用户体验的改进等。
    
任职要求：
1. 本科及以上学历，计算机、信息工程、统计学等相关专业优先。
2. 2年左右产品经验，有数据标注或人工智能相关行业产品经验者优先考虑。
3. 熟练掌握产品设计和开发相关的流程和工具，具备一定的数据分析和挖掘能力。
4. 具备敏锐的产品思维和洞察力，能够深入了解用户需求，提出创新的产品方案。
5. 具有优秀的沟通协作能力。",15-30K·15薪,"['北京', '3-5年', '本科']",北京海淀区搜狐网络大厦2层,"['中台/后台产品', 'AI产品', '数据产品']",https://www.zhipin.com/job_detail/81a86ce935a76a8d1Xx92di-GFZR.html,
36,19,Konvery Data,运营经理,"职位描述：
1. 通过多样化的方式，包括但不限于校园合作、招聘渠道、社交平台、社群等方式，招募和运营人才资源；
2. 梳理和分析人员画像，迭代运营模式，提升人员在项目中的活跃度和产出；
3. 协调和沟通项目团队之间的工作，促进信息的流通和工作的协同，确保项目的顺利进行。

职位要求：
1. 全日制本科及以上学历，2年以上用户/社群运营工作经验者优先。
2. 逻辑性好，沟通能力佳，能够快速输入和输出信息。
3. 具有创新思路，能够灵活应对变化和未知，对人工智能和大模型有兴趣，能够主动学习和探索新的知识。
4. 具有一定数据分析能力，掌握数据分析工具的使用者优先。",13-25K,"['北京', '1-3年', '本科']",北京海淀区搜狐网络大厦2层,"['教育培训', '科技', '职场', '社区数据分析', '用户精细化运营', '促进用户生产内容']",https://www.zhipin.com/job_detail/0decdf67141a4ca11HZy2Nu8FFZY.html,
37,0,景联文,AI数据标注实习生（之江）,"【招聘岗位】：AI数据标注管理
【工作详情】：了解项目标注规则，使用相应软件进行标注，根据标注规则进行内容标注，保证数据交付质量。
【人员要求】：可以实习1个月以上，上班认真，不得无故请假，需要坐班，不迟到早退。
【薪资待遇】：150/天
【工作地址】： 杭州余杭区之江实验室
【工作时间】： 朝九晚六，双休
【备注】：需要尽快到岗；优秀者可开实习证明；薪资月结",140-150元/天,"['杭州', '5天/周 1个月', '大专']",杭州萧山区杭州湾信息港E1座7楼,"['数据标注', '图片标注', '标框标注']",https://www.zhipin.com/job_detail/3ed91c5275ce04be1HB639-6EldY.html,
38,2,景联文,项目经理（军工）,"岗位内容：
1、制定项目计划:根据军工企业的战略目标和市场需求，以及科研项目的具体情况，制定详细的科研项目计划，明确项目的目标、任务、计划、进度和预算等，同时提出相应的实施方案；
2、监控项目进度:负责实时监控项目的进度和成本情况，及时发现和解决项目中出现的问题和风险，确保项目按照计划顺利进行；
3、管理项目资源:协调和有效利用军工企业内外部的资源，包括对接外协和上级单位等，确保项目的名项任务得以顺利完成；
4、质量管理与风险控制:根据军工企业的相关标准和要求，对科研项目进行质量管理，及时发现和解决项目中的问题和风险，确保项目的质量和进度；
5、沟通和协调:保持与项目团队成员、上级领导和其他利益相关方的良好沟通，协调各方意见和需求确保项目目标的实现；
6、项目总结与归档:在项目结束后，组织项目团队进行总结和评估，将项目资料归档，为今后的工作提供参考。

任职要求：
1、学历要求：本科以上学历，计算机等相关专业，硕士优先；
2、工作经验：至少有3年以上项目管理经验;熟悉人工智能、大数据相关专业知识；有数据采集、数据标注行业项目管理经验;
3、技能要求：有较强的各类报告及方案撰写能力，熟练掌PPT、Word,Excel等办公软件；PMP证书;
4、具有良好的独立工作能力、客情维护能力、沟通协调组织能力和团队协作能力。
5、能适应必要时的短期出差。",10-15K,"['北京', '3-5年', '本科']",北京海淀区光耀东方S座光耀东方广场羊坊店路18号1幢9层902室,"['计算机相关专业', '大数据项目管理经验', '实施交付经验']",https://www.zhipin.com/job_detail/abae0ce98195db2e1HB63N2_EVVZ.html,
39,5,景联文,商务经理（GPT方向）,"岗位职责：
1、负责AI数据服务行业的开拓、维护，协调内部资源，完成个人季度及年度目标；
2、数据采集标注销售，承担销售指标：
3、实时把握客户需求，为客户提供一体化解决方案；
4、做好项目协同工作，全流程项目跟进，做好KA客户的服务工作，不断提高客户的合作价值；
5、与各渠道保持良好的沟通，积累行业人脉，有效执行和推进行业经营计划。
任职资格
1、 本科以上学历，市场营销、计算机等相关专业；2年以上销售经验，有数据服务、科技等相关行业工作经历优先；
2、 熟悉商务谈判及顾问式营销方法与技能，通过有效的演讲、谈判，能获取商机、赢得客户认可并保持长期客户关系；
3、 能接受出差，常规应酬，热爱销售工作；
4、善于沟通，学习力强，具备较强的沟通能力和抗压性。",12-20K,"['杭州', '3-5年', '本科']",杭州萧山区杭州景联文科技有限公司信息港E-7,"['企业（To B）', '人工智能', '大数据', 'GPT']",https://www.zhipin.com/job_detail/499ccabb7e26d93d1HB42Nu0FFRS.html,
40,8,景联文,项目助理实习生,"(该岗位外语及相关专业优先，最好是小语种专业）
一、岗位描述：
1、收到客户合作意向后，详细了解客户的项目需求
2、负责数据的接收、分发、回收和提交，并确保每一步的数据安全
3、负责项目进展中的日常工作
4、按时提交项目报告、项目成果以及标志文件，并随时监控项目质量
5、部门经理安排的其他工作
6、工作时间：朝九晚六，双休，法定节假日
二、任职要求：
1、熟练掌握任意一门外语，具有外语读、写、听、说能力，全日制本科以上学历（外语专业优先，大专以上有两年以上工作经验亦可）
2、文字基础好，熟悉office，word，excel，ppt 
3、性格开朗、外向，能在工作中多学、多问；善于人沟通，有较强的交流能力，能很好的理解项目需求
4、熟悉项目管理流程，有较强的项目监控能力；有较强的责任心和事业心，能承受较大的工作压力
5、有驾照",120-170元/天,"['杭州', '5天/周 3个月', '本科']",杭州萧山区杭州湾信息港E座,"['项目助理', 'IT项目管理', '外语']",https://www.zhipin.com/job_detail/c57a8818e1446b001nR-3ty_FVtQ.html,
41,10,景联文,商务经理（GPT业务）,"岗位职责：
1、负责AI数据服务行业的开拓、维护，协调内部资源，完成个人季度及年度目标；
2、AIGC方向数据销售，承担销售指标：
3、实时把握客户需求，为客户提供一体化解决方案；
4、做好项目协同工作，全流程项目跟进，做好KA客户的服务工作，不断提高客户的合作价值；
5、与各渠道保持良好的沟通，积累行业人脉，有效执行和推进行业经营计划。
任职资格
1、本科以上学历，市场营销、计算机等相关专业；3年以上销售经验，需具备AI行业经验，有云服务相关经验优先；
2、熟悉商务谈判及顾问式营销方法与技能，通过有效的演讲、谈判，能获取商机、赢得客户认可并保持长期客户关系；
3、能接受出差，常规应酬，热爱销售工作；
4、善于沟通，学习力强，具备较强的沟通能力和抗压性。",15-25K,"['杭州', '3-5年', '本科']",杭州萧山区杭州湾信息港E1座7楼,"['对企业/机构（To B）销售经验', '企业（To B）', '人工智能', 'GPT', '互联网/科技']",https://www.zhipin.com/job_detail/c03eda4043c99cfc1HB42Nu1GFNX.html,
42,13,景联文,项目经理pm,"岗位职责：
1、负责监督项目管理相关制度、流程和标准的执行情况，及时纠偏和完善；
2、各项目需求评估及分析，协调外部资源需求；
4、管控各项目成本、团队成员及供应商资源；
3、进度管理：推进项目进展，及时、稳妥处理项目重大突发事件，确保各项目按进度进行；
4、质量管理：负责监督各项目质量；
5、确保项目按照与客户约定的工期及质量标准提交数据；
6、客户关系管理：开展客户满意度调查，分析反馈结果，提出改进建议。
任职资格：
1、有项目管理或团队管理经验优先
2、本科及以上学历，12年及以上工作经验；
3、有较强的沟通、组织、策划管理经验优先；
4、有一定的项目管理经验，有数据或人工智能行业经验优先；
5、善于沟通协调， 责任心强，具有团队意识。",8-10K,"['杭州', '1-3年', '本科']",杭州萧山区杭州湾信息港E1座7楼,"['数据采集', '数据标注']",https://www.zhipin.com/job_detail/cd61fe4ba407177b1HB639u8GFBU.html,
43,16,景联文,商务经理（GPT方向）,"岗位职责：
1、负责AI数据服务行业的开拓、维护，协调内部资源，完成个人季度及年度目标；
2、数据采集标注销售，承担销售指标：
3、实时把握客户需求，为客户提供一体化解决方案；
4、做好项目协同工作，全流程项目跟进，做好KA客户的服务工作，不断提高客户的合作价值；
5、与各渠道保持良好的沟通，积累行业人脉，有效执行和推进行业经营计划。
任职资格
1、 本科以上学历，市场营销、计算机等相关专业；2年以上销售经验，有数据服务、科技等相关行业工作经历优先；
2、 熟悉商务谈判及顾问式营销方法与技能，通过有效的演讲、谈判，能获取商机、赢得客户认可并保持长期客户关系；
3、 能接受短期出差，常规应酬，热爱销售工作；
4、善于沟通，学习力强，具备较强的沟通能力和抗压性。",12-20K,"['深圳', '3-5年', '本科']",深圳南山区海岸大厦东座509,"['企业（To B）', '人工智能', '大数据', 'GPT']",https://www.zhipin.com/job_detail/7d15ac19604aba7c1HB42Nu6GFVV.html,
44,19,景联文,大模型数据项目经理,"岗位职责：
1.客户需求分析:与客户进行沟通，了解客户的需求和要求，进行分析理解。
2.项目执行:按照项目要求完成数据采集、处理和分析等工作，确保项目按时交付。
3.商务协助:配合商务与客户进行售前沟通和售后服务。
4.客户关系维护:定期与客户进行沟通，了解客户反馈和需求变化，及时解决客户问题和满足客户需求。
5.负责项目文档的编写和管理，包括项目计划、进展报告、验收文档等，确保项目资料的完整性和规范性
6.团队合作:与其他部门和团队成员密切合作，共同完成项目目标。

能力要求：
1.本科及以上学历，理工科专业优先。
2.2年以上项目经验，有手机大厂和互联网大厂项目服务经验者优先。
3.具备良好的沟通和谈判技巧，能够与客户建立良好的关系并满足客户需求。
4.具备团队合作和组织协调能力，能够与其他部门和团队成员有效协作。
5.对大模型语料数据处理领域有浓厚的兴趣和热情，具备不断学习和创新的能力。",10-15K,"['杭州', '1-3年', '本科']",杭州萧山区杭州湾信息港E1座7楼,"['大数据项目管理经验', 'AIGC', 'GPT']",https://www.zhipin.com/job_detail/dd4b7dda2a31d1521HF92dS6FVpZ.html,
45,0,上海爱数,资深大客户经理（企业行业）,"岗位职责：
1、负责公司上海区域大企业行业销售工作，根据公司制定的年度销售目标，完成销售任务；
2、 负责公司产品及解决方案在大区内的市场开拓，负责行业客户经营，深入了解客户业务需求，帮助客户完成数字化转型，实现业务成功
3、负责重点项目可行性分析，组织项目交流和谈判，在公司授权后负责项目投标、合同签订等；

任职资格：
1、本科及以上学历，8年以上销售经验，熟悉软件产品销售，具备企业行业运作经验；
2、有国际企业级软件公司、咨询公司、Saas软件厂商（领域优先）、国内大型IT厂商、人工智能产品厂商、数字化转型产品厂商等从业背景者优先考虑；
3、具备跟客户高层进行业务价值及场景交流能力，具备大项目运作能力；
4、丰富的大客户经营经验，对核心客户进行长期深耕，有决策链分析理论及攻克经验，熟悉行业数字化转型趋势；
5、有一定的过程管理经验，能够进行过程管理，销售数据分析中发现问题并进行改进；有数据要素、数据治理、数据中台、数据智能、智能运维、可观测性等相关产品经验优先考虑；
6、为人正直，有责任感，有成长型思维。

岗位亮点：
1、爱数公司2006年成立，全球规模1700人+，业务遍及40多个国家与地区，公司多年写入Gartner报告，发展稳步提升
2、客户覆盖金融、高端制造、运营商、政府、医疗、教育等数十个行业，业务遍及40多个国家与地区，获得27,000+家客户的认可
3、扁平化管理+以人为本
4、base上海",30-60K,"['上海', '5-10年', '本科']",上海闵行区爱数集团爱数,"['软件/SaaS', '较多出差', '较多外勤', 'B端市场开发经验', '软件/信息化服务销售经验', '计算机相关学历', '业务开拓能力', '商务谈判技巧', '新客户开发', '收集分析市场信息', '客户关系维护', '互联网/科技']",https://www.zhipin.com/job_detail/8a20bb7c3f1f54d21HJ62ty5GVtQ.html,
46,3,上海爱数,渠道销售,"岗位职责描述
1.基于行业深耕、客户经营、生态共赢的销售策略，结合区域市场特点和行业策略，规划和发展多样性的合作伙伴网络，对区域伙伴的签约和经营
质量负责;
2.结合行业客户策略，拉通行业销售团队与行业伙伴的客户经营合作，对伙伴整体合作业绩产出负责
3.持续赋能伙伴，落地销售工具喊能、商机赋能、联合打单喊能完整的GTM赋能体系，提升伙伴能力，实现伙伴在商业市场的自主销售和服务
4.对商业市场的业务成功负责
经营好区域市场的品牌和口碑，通过客户沙龙、伙伴沙龙等市场活动持续传递爱数产品方案，激活客户与伙伴，确保区域市场良性发展
招聘要求:
1、本科及以上学历，3年以上客户销售、合作伙伴或渠道经营相关经验
2、能独立开展合作伙伴的签约规划、开拓、及持续经营工作;
3、不仅有面向客户的销售经验，更为重要的是能指导合作伙伴独立完成商机挖掘和客户经营:
4、30岁以下，重点考虑执行力强，学习能力强，职业化素养高的合作伙伴经理，30岁以上需要有合作伙伴网络规划和伙伴经营计划制定，执行能力.
base区域：广州/深圳",20-30K,"['广州', '5-10年', '本科']",广州天河区上海爱数信息技术股份有限公司(广州办事处)天河区华观路时代EPARK二期9栋7层701,"['渠道/机构客户开发', '渠道关系维护', '渠道运营管理', '软件/SaaS', '较强的渠道拓展能力', '具有线下渠道销售经验', '具有渠道运营管理经验', '客户管理']",https://www.zhipin.com/job_detail/9100e3a19f834f471Hd60t26FFpZ.html,
47,6,上海爱数,高级golang开发工程师,"岗位要求：
1、本科及以上学历，计算机软件或相关专业，学习及逻辑思维能力强，工作严谨，5年以上工作经验
2、具备良好的计算机基础知识：数据结构、计算机网络、计算机操作系统
3、深刻理解面向对象设计原则并掌握常用设计模式，精通微服务架构设计模式
4、熟练掌握golang或c++编程语言
5、具有关系型数据、非关系型数据库的使用经验
6、具有云盘服务端文件元数据存储系统的开发经验更佳
工作职责：
1、参与企业云盘服务端的文件元数据存储系统的架构调优与实现
2、参与关系型数据库、非关系型数据库在业务场景的预研、设计和应用
3、维护责任模块稳定，负责模块新功能的开发工作，处理相关的bug和客户问题",25-40K,"['上海', '5-10年', '本科']",上海闵行区爱数集团闵行区万泰路50号,"['Golang', 'Python', 'Kubernetes', '计算机相关专业', 'gplang', '分布式存储']",https://www.zhipin.com/job_detail/38fc6bcfb76620231HF43tu_EFZW.html,
48,9,上海爱数,技术工程师（海外）,"岗位职责：
1. 面向海外客户的远程技术支持，可以提供复杂的技术问题、应急恢复支持和指导，并能够深度对疑难问题进行分析诊断；
2. 负责关键技术难题的攻克，能够在重大项目上提供专业技术支持及解决方案；
3. 负责总结技术解决方案，撰写知识库技术文档。
岗位要求：
1.计算机通信或相关专业本科以上学历，英语能作为工作语言，具备海外技术支持经验者优先；
2.精通 Linux 操作系统以及常用命令，4 年以上系统运维工作经验，大型数据中心背景优先；
3. 对业界主流数据库（Oracle、SQLServer、MySQL）或者虚拟化（VMware、Openstack、华为云Stack平台等）熟练；
4. 客户服务能力和沟通能力强，能够处理复杂场景的内部和外部的沟通和协调；
5. 熟悉事件应急响应，包含安全事件的分析、安全事件溯源取证以及安全事件处置经验者优先；
6. 有较强的自我驱动力和学习能力，可以与团队攻克技术领域难题。
（可以接受时差，有海外支持经验者优先）",12-20K,"['长沙', '5-10年', '本科']",长沙世茂环球金融中心芙蓉区建湘路393号28层,"['VMware', 'MySQL/Oracle', '计算机/通信相关专业', 'IT技术支持经验', '售后支持/客户响应经验', '海外技术支持']",https://www.zhipin.com/job_detail/a7fe3cf3f7e72e821HJ-2dW0ElFZ.html,
49,12,上海爱数,渠道经理,"岗位职责描述
1.基于行业深耕、客户经营、生态共赢的销售策略，结合区域市场特点和行业策略，规划和发展多样性的合作伙伴网络，对区域伙伴的签约和经营
质量负责;
2.结合行业客户策略，拉通行业销售团队与行业伙伴的客户经营合作，对伙伴整体合作业绩产出负责
3.持续赋能伙伴，落地销售工具喊能、商机赋能、联合打单喊能完整的GTM赋能体系，提升伙伴能力，实现伙伴在商业市场的自主销售和服务
4.对商业市场的业务成功负责
经营好区域市场的品牌和口碑，通过客户沙龙、伙伴沙龙等市场活动持续传递爱数产品方案，激活客户与伙伴，确保区域市场良性发展
招聘要求:
1、本科及以上学历，5年以上客户销售、合作伙伴或渠道经营相关经验
2、能独立开展合作伙伴的签约规划、开拓、及持续经营工作;
3、不仅有面向客户的销售经验，更为重要的是能指导合作伙伴独立完成商机挖掘和客户经营:
4、30岁以下，重点考虑执行力强，学习能力强，职业化素养高的合作伙伴经理，30岁以上需要有合作伙伴网络规划和伙伴经营计划制定，执行能力.",20-28K,"['杭州', '5-10年', '本科']",杭州西湖区黄龙万科中心G座黄龙万科中心G座707,"['渠道关系维护', '渠道/机构客户开发', '代理商体系搭建', '软件/SaaS', '较强的渠道拓展能力', '具有线下渠道销售经验', '较强的市场分析能力', 'TOB']",https://www.zhipin.com/job_detail/6ea00e8a621edc291Hd73dq9FFFR.html,
50,15,上海爱数,高级c++开发工程师,"职位描述：负责参与存储系统的设计与开发。将作为团队的重要成员，与团队一起研究、开发并优化高性能的存储解决方案，以满足公司业务发展的需求。
主要职责：
1.参与存储系统的设计和开发工作，实现高性能、高可靠性的存储解决方案；
2.对存储系统进行性能优化，提升存储效率，保证数据的稳定性与安全性；
3.跟踪存储领域的最新技术动态，提出创新性的解决方案，推动产品的持续改进与升级；
4.撰写相关的技术文档，与团队成员保持良好的沟通与合作，确保项目的顺利进行；
任职要求：
1.计算机相关专业本科及以上学历，5年以上C++编程经验，具备存储领域相关项目经验；
2.熟练掌握C++编程语言，熟悉面向对象编程思想，熟悉常用的数据结构和算法，具备良好的编程习惯；
3.对存储系统、文件系统、数据库等有深入了解，具备相关实践经验；
4.熟悉Linux操作系统及开发环境，了解网络编程、多线程编程等相关知识；
5.具备良好的分析问题与解决问题的能力，对技术有热情，具有持续学习与创新的能力；
6.优秀的团队合作与沟通能力，能够承担工作压力，具备高度的责任心与敬业精神。
加分项：
1.有分布式存储系统、云存储系统等相关领域的工作经验；
2.熟悉存储协议如NFS、SMB、POSIX等；
3.有过性能调优、故障排查等实际项目经验；",25-50K,"['上海', '3-5年', '本科']",上海闵行区爱数集团闵行区万泰路50号,"['C++', 'Linux开发/部署经验', '分布式存储', 'ceph']",https://www.zhipin.com/job_detail/7ed045394e08c9fb1Hd-29u-GFZR.html,
51,18,上海爱数,高级大客户经理（政府部委）,"职责描述：
1、面向北京政府部委行业客户，独立负责全线产品的销售全流程，通过顾问式销售，呈现公司品牌和服务价值；
2、根据公司市场战略，独立开发客户，寻找销售机会，对客户进行需求引导与沟通，快速拉动客户与公司的合作；
3、充分理解公司产品与行业痛点，实现不同层级客户对话和谈判，深挖客户需求，为客户提供有价值的解决方案；有数据要素、数据治理、数据中台、数据智能、智能运维、可观测性等相关产品经验优先考虑；
4、善于经营公司重点行业客户，打造标杆的行业大项目。

任职资格：
1、本科及以上学历，8年以上销售经验，熟悉软件产品销售，具备大政府行业运作经验，有服务过百万合同级别客户的优先；
2、 有国内外大型IT厂商、人工智能产品厂商、数字化转型产品厂商等从业背景者优先考虑；
3、 了解并掌握挑战式销售方法，具备跟客户高层进行业务价值及场景交流能力，具备大项目运作能力；
4、 丰富的大客户经营经验，对核心客户进行长期深耕，有决策链分析理论及攻克经验，熟悉行业数字化转型趋势；
5、 有自然资源，水利，应急、公安等部委相关行业高管资源，能承担一定的工作压力，接受出差；
6、 为人正直，有强烈的目标感，有成长型思维。


岗位亮点：
1、爱数公司2006年成立，全球规模1700人+，业务遍及40多个国家与地区，公司多年写入Gartner报告，发展稳步提升
2、客户覆盖金融、高端制造、运营商、政府、医疗、教育、能源、电力等数十个行业，业务遍及40多个国家与地区，获得27,000+家客户的认可
3、扁平化管理+以人为本
4、base北京",25-50K,"['北京', '5-10年', '本科']",北京丰台区金唐中心C座8层,"['软件/SaaS', '较多出差', '较多外勤', 'B端市场开发经验', '软件/信息化服务销售经验', '业务开拓能力', '市场营销相关学历', '商务谈判技巧', '新客户开发', '收集分析市场信息', '客户关系维护', '互联网/科技']",https://www.zhipin.com/job_detail/26e4af0e21302fea1HJ72dW8ElVS.html,
52,0,致鑫科技,C端产品经理,"岗位职责：
1.负责现金贷产品的C端设计，跟进C端产品交互与流程体验，对流程转化、用户体验和业务产出负责；
2.优化C端产品各流程转化、追求用户体验，联动各环节完成最优方案拆解，实现前台产品转化与体验目标；
3.结合既定目标，通过数据分析，用户调研等多种方式优化产品功能及用户体验，刺激业务发展；
4.组织协调交互、研发、测试等资源确保产品按时、高质量交付，并推动产品快速迭代；
岗位要求：
1.1-3年以上互联网前端产品工作经验，有信贷产品经历、知名互联网公司背景最佳；
2.注重用户体验，以打磨用户体验为己任，同时能合理平衡体验细节、成本、数据增长之间的关系；
3.数据敏感度高，对数据变化能快速分析，并针对分析结果提出解决方案并落地；
4.具备增长型思维，能够以增长为目标发现关键问题，并进行沟通、协调、推动项目落地；
5.极强的自驱力，统筹资源把握项目上线节奏，克服困难拿到结果；
加分项：
有以下行业经验：互联网金融、有海外留学或海外工作经验、或擅长英语或西班牙语等外语者可优先考虑；

加分项
有以下行业经验：互联网金融",11-12K,"['北京', '3-5年', '本科']",北京大兴区国锐广场A座1209,"['数据产品', 'C端产品', '前端产品', '市场调研', '用户研究', '用户增长', '数据分析']",https://www.zhipin.com/job_detail/a9a645ebaf72f78e1XZz3NW9ElNX.html,
53,3,致鑫科技,驻外翻译-西班牙语,"1.协助上级完成翻译相关任务，包括但不限于资料翻译、会议翻译等；
2.负责部门之间翻译、协调工作；
3.分析数据报表，并根据数据报表分析问题、提出建议并改进结果；
4.上级交办的其他工作
  

任职资格：
1.国内正规院校本科及以上学历，西班牙语专业四级（B2）及以上证书；
2.西语听说读写流利，熟练操作计算机办公软件；
3.具备较强的分析解决问题能力，有责任心及团队合作精神；工作积极主动。
有美签者优先",15-20K,"['北京', '3-5年', '本科']",北京大兴区国锐广场A座1209,"['企业内部翻译职位', '全职', '坐班', '商务谈判', '金融', 'DELE/SIELE C2', '西班牙语专业', '西语国家工作经历', '接受外派', '商务对接']",https://www.zhipin.com/job_detail/4216d064a7e8cb0c1XFz0ti9E1BV.html,
54,6,致鑫科技,海外金融 - 模型、策略,"1、负责海外信贷业务的策略流程构建，并实时监控、优化迭代；
2、负责海外数据挖掘，给予APP、短信等数据源衍生变量；
3、负责海外模型开发、上线、迭代；",30-40K·15薪,"['北京', '经验不限', '本科']",北京大兴区国锐广场A-1209,['风控策略、模型'],https://www.zhipin.com/job_detail/bc1f20ccceba65221nx7392-EVtT.html,
55,9,致鑫科技,小语种数据标注-阿拉伯语,"岗位职责
1、负责公司相关阿拉伯语文本数据的标注

2、结合标注需求,整理完善标注规则与标注方法。
岗位要求：
1、全日制本科以上学历，应届毕业生均可，其中就读阿拉伯语专业，及有阿拉伯语证书；
2、国籍为中国，有亚非地区留学或生活经验优先；
2、具有扎实的语言基本功，笔译流畅，有笔译经历，其中双语种能力者优先；
3、熟练使用办公软件，如word、excel等工具；
4、有吃苦耐劳的精神，且有一定的抗压能力；
5、工作务实，稳定踏实，责任心强；
6、工作严谨细致，思维敏捷，具备爱优秀的文字理解与表达能力；
7、具备良好的沟通能力与团队协作能力。",5-10K,"['北京', '经验不限', '本科']",北京大兴区国锐广场A座1209,['熟练此语种'],https://www.zhipin.com/job_detail/7c7b511649af6ada1XB-3NS6E1dQ.html,
56,12,致鑫科技,小语种文本标注-西班牙语,"岗位职责
1、负责公司相关西语文本数据的标注

2、结合标注需求,整理完善标注规则与标注方法。
岗位要求：
1、全日制本科以上学历，应届毕业生均可，其中就读西班牙语专业，及有西班牙语专四或专八证书、DELE B2证书、SIELE认证优先；
2、国籍为中国，有西语地区留学或生活经验优先；
2、具有扎实的语言基本功，笔译流畅，有笔译经历，其中双语种能力者优先；
3、熟练使用办公软件，如word、excel等工具；
4、有吃苦耐劳的精神，且有一定的抗压能力；
5、工作务实，稳定踏实，责任心强；
6、工作严谨细致，思维敏捷，具备爱优秀的文字理解与表达能力；
7、具备良好的沟通能力与团队协作能力。",7-12K·15薪,"['北京', '经验不限', '本科']",北京大兴区国锐广场A座1209,['笔译'],https://www.zhipin.com/job_detail/b53e30194ca17abb1Xd529m5E1ZW.html,
57,15,致鑫科技,翻译,"1、西语翻译；
2、风险策略预警和数据分析；",6-11K·15薪,"['北京', '1年以内', '学历不限']",北京大兴区国锐广场A-1209,"['口译', '笔译', '听译', '全职']",https://www.zhipin.com/job_detail/5dc8f12fdd4fb76c1XZz2dS0FFZZ.html,
58,18,致鑫科技,测试实习生,"工作描述：
1. 移动端APP的测试；（社交、工具等）
2. 发现bug、记录文档；
3. 其它测试相关内容；
我们希望你：
1.25年及以后毕业，本科及以上计算机相关专业，通过CET 4，负责移动平台Android和iOS客户端产品功能测试和接口测试；
2.热爱软件测试行业，对于手机App测试感兴趣，有责任心、做事细心，有较强的项目需求理解能力；
3.具有一定的手机端应用测试或软件测试经验。",200-250元/天,"['北京', '5天/周 3个月', '本科']",北京大兴区国锐广场A座1209,['测试工作经验'],https://www.zhipin.com/job_detail/11d4639db487956c1Hd_3NS_FFBX.html,
59,0,SpeechOcean,项目助理（小语种）,"1.岗位职责：

1）确认项目需求、制定项目计划、把控项目工期、做好项目预算并规避风险、做好进度报告

2）做好内部和跨部门之间的协调和沟通、做好项目扩展和资源累计；

3） 维护老客户，开发新客户，内部团队管理；

4）制定项目实施的工资结算、报销和决算并做好项目数据质量管理；

2.任职条件：

1）英语CET-6以上；本科及以上学历；有语言优势的优先；

2）有良好的职业道德和职业操守，擅于沟通与协调，良好的团队合作意识，较高的敏感度及一定的判断能力；

3）责任心强，工作细致认真，办事有条理，细心周到，能够从容应对突发事件并妥善上报与协调；

3.工作时间：8小时工作制，双休，弹性工作制

【公司福利】：

七险一金+季度奖+年终奖+免费体检+节假日福利+带薪年假+员工旅游+餐补",8-10K·16薪,"['北京', '经验不限', '本科']",北京海淀区优盛大厦D座(五道口购物中心)801,"['英语', '葡萄牙语', '意大利语', '德语', '亚非', '乌克兰语', '瑞典语', '捷克语']",https://www.zhipin.com/job_detail/8ac7434c4afd2b4803R62dW0FVM~.html,0.0
60,3,SpeechOcean,双胞胎手掌采集,"工作时间：不限
工作时段：不限
结算方式：日结
招聘截止时间：2023-11-30
#双胞胎手掌采集#
【岗位职责】 
根据要求进行采集，主要是拍照
【岗位要求】
1.需同卵双胞胎
2.在北京直接来公司就可以，外地的双胞胎较多我们可出差采集（具体可议）
【薪资水平】350-450/人；
【项目周期】只需要2小时左右，具体时间可议
【公司地址】：北京市海淀区成府路28号优盛大厦D座",100-150元/时,"['北京', '经验不限', '学历不限']",北京海淀区优盛大厦D座(五道口购物中心)D座,['双胞胎'],https://www.zhipin.com/job_detail/dffcfd448427d9fb1Xx-29q9E1tY.html,3.0
61,6,SpeechOcean,项目经理-英语（或其他语种）,"岗位职责：
1、确认项目需求，制定项目计划，拟定项目预算；
2、推动项目执行与监控，做好项目过程中的部门内、跨部门、以及客户沟通协调工作，及时解决问题；
3、控制项目成本，关注项目质量及工期，确保项目按期、保质完成；
4、维系良好的客户关系，跟进项目反馈，完成项目验收；
5、完成公司内部结项流程，进行项目总结工作。
任职资格：
1、本科及以上学历，外语类或计算机相关专业，3年以上项目管理经验，语音数据行业优先；
2、英语六级以上，口语流利，可无障碍沟通，有其他外语能力加分（尤其日语）；
3、沟通协调能力强，责任心强，具有良好的团队合作精神；
4、逻辑清晰，具有良好的学习能力、独立思考能力，以及解决问题能力；
5、抗压能力强，计划在北京长期发展。",16-30K·16薪,"['北京', '3-5年', '本科']",北京海淀区领航科技大厦4层海天瑞声,"['计算机相关专业', '大数据项目管理经验', '售前支持经验', 'PMP', 'PMI-ACP', 'ASR', '英语', '语音']",https://www.zhipin.com/job_detail/42a93900ea4dfee71HF52tu8F1VX.html,6.0
62,9,SpeechOcean,Part-time in minor languages,"【Job Description】
1.Responsible for the labeling of some foreign language projects
2.Assist in refining project rules and answer questions about local linguistics
3.Assist the person in charge to organize project data
【Job requirements】
1.Native speakers of global languages are preferred
2.Have a relevant linguistic background, or some experience with labeling
3.You can work online, and there are no working hours
【Salary】Pay-as-you-go
It can be talked about according to the content and difficulty of the work
【Company address】
U-Center Building, No. 28 Chengfu Road, Haidian District, Beijing",15-20K,"['北京', '经验不限', '本科']",北京海淀区优盛大厦D座801,['小语种'],https://www.zhipin.com/job_detail/c76ac9fdf1ec5a0e1Xx509y5E1ZY.html,9.0
63,12,SpeechOcean,Part-time in minor languages,"【Job Description】
1.Responsible for the labeling of some foreign language projects
2.Assist in refining project rules and answer questions about local linguistics
3.Assist the person in charge to organize project data
【Job requirements】
1.Native speakers of global languages are preferred
2.Have a relevant linguistic background, or some experience with labeling
3.You can work online, and there are no working hours
【Salary】Pay-as-you-go
It can be talked about according to the content and difficulty of the work",15-18K,"['深圳', '经验不限', '本科']",深圳坪山创新广场20,['native'],https://www.zhipin.com/job_detail/5de22f8762d9c69d1HRz0t2_FVNQ.html,12.0
64,15,SpeechOcean,网络小说写手,"工作时间：不限
工作时段：不限
结算方式：完工结
招聘截止时间：2023-12-25
此岗位是兼职，需要是以下3部小说的书粉《十日终焉》《你犯剑 我发癫 练手拯救娱乐圈》《开局长生万古，苟到天荒地老》
同时有一定的文学功底，平时爱写网文爱看网文
对给定的网络小说进行二次创作，比如模拟主角口吻人设进行对话构造
线上办公，具体办公时间无要求，能按时完成任务即可
价格私聊",120-150元/时,"['北京', '经验不限', '学历不限']",北京海淀区优盛大厦D座,"['兼职', '按件计费', '网络小说', '悬疑推理']",https://www.zhipin.com/job_detail/308b46a0261e37a71HV93d64FlpQ.html,15.0
65,18,SpeechOcean,葡语项目助理,"1.岗位职责：

1）确认项目需求、制定项目计划；

2）把控项目工期、做好项目预算并规避风险、做好进度报告；

3）做好内部和跨部门之间的协调和沟通、做好项目扩展和资源累计；

4）制定项目实施的工资结算、报销和决算并做好项目数据质量管理；

2.任职条件：

1）英语CET-6以上；本科及以上学历；有语言优势的优先；

2）有良好的职业道德和职业操守，擅于沟通与协调，良好的团队合作意识，较高的敏感度及一定的判断能力；

3）责任心强，工作细致认真，办事有条理，细心周到，能够从容应对突发事件并妥善上报与协调；

【公司福利】：

七险一金+季度奖+年终奖+免费体检+节假日福利+带薪年假+员工旅游+餐补",8-10K·16薪,"['北京', '经验不限', '本科']",北京海淀区优盛大厦D座(五道口购物中心)801,"['葡萄牙语', '巴葡']",https://www.zhipin.com/job_detail/9a2728e2bfb5858c1nJ40tq5EFBR.html,18.0
66,20,Magic Data,ChatGPT训练师实习生,"工作职责：
1, 人机对话，即人类不断地向机器进行提问，而机器根据问题给出答复；
2, 做好针对项目规范的答疑与问题梳理；
3, 完成领导分配的其他任务。

工作要求: 
1, 在校大三、大四或研二、研三，文科专业优先 ； 
2, 认真细心，对文字有敏感度，有一定的抗压能力和自驱力，有团队合作精神； 
3, 一周能工作4天以上，至少三个月以上，长期实习优先。",150-180元/天,"['北京', '4天/周 3个月', '本科']",北京海淀区海淀文教产业园G座5层501,"['兼职工作', '数据标注', '文本标注', '标注结果整理', '标注结果抽查', 'chatGPT']",https://www.zhipin.com/job_detail/89c25ea485bf9e9a1XNz29y_EVdU.html,0.0
67,22,Magic Data,项目助理,"任职要求：
1.语言学相关专业本科以上，如语言学及应用语言学/汉语言文字学/方言学等；
2.熟悉语音学的基本知识，听音辨音能力强，可以灵活运用IPA标注语音；
3.英语能力达到六级以上水平，有托雅成绩优先，听说读写能力均衡发展；
4.对方言有一定的理解，有相关的研究经历（做过课题、项目或者写过论文），或者方言采集经历的优先考虑；
5.对人工智能、计算机相关领域感兴趣，并愿意学习。

工作内容：
1.确认产品需求，做好产品生产过程中的沟通协调工作，及时解决过程中出现的问题；
2.负责产品验收，保证产品最终交付质量；
3.按产品需求完成产品制作；
4.其他和产品相关的中英文档撰写、数据分析、调研等工作；
5.领导交办其它事情。

加分项
有以下行业经验：大数据",7-9K,"['北京', '经验不限', '本科']",北京海淀区海淀文教产业园G座4层,"['语言学', '英语', '项目助理']",https://www.zhipin.com/job_detail/e8af47cf9f3ba6401nN529W7FVVZ.html,2.0
68,25,Magic Data,项目经理ASR,"1、语音采集和标注项目的各方面组织协调。
2、负责和客户对接项目，理解项目需求，梳理规范，培训管理。
3、跟进项目进度，解答标注员疑问。
4、质检验收标注员的产出数据，达到项目要求的质量及工期
5、月度统计工作量，完成项目结算。
6、项目管理、对接客户、把控质量工期及成本。
任职要求：
1、本科及以上学历，能英语沟通优先。
2、文字阅读理解能力优，思维敏感。
3、良好的抗压能力，乐观、积极、有较强的自我驱动力和职业发展计划，擅长与人沟通。
4、熟练使用excel,word等办公软件，对于新的工具有较快的学习能力。
5、良好的职业道德和职业操守，善于沟通与协调，良好的团队合作意识。
我们有码力超强的技术团队，经验丰富的销售团队，专业可靠的项目团队；我们提供七险一金、有额外的商业补充医疗保险、意外伤害险；每天提供零食饮料、有趣的团建活动、弹性工作制、舒适的办公环境、节假日福利。
如果你对人工智能、高科技充满兴趣，如果你追求卓越、简单可靠，如果你充满创业心态、聪明皮实，请加入我们吧！",12-18K,"['北京', '3-5年', '本科']",北京海淀区北三环中路44号院文教产业园G座5层,['非技术项目管理'],https://www.zhipin.com/job_detail/ac8d31027afb7c681HV_3NS7EFtU.html,5.0
69,28,Magic Data,AI解决方案工程师,"我们正在寻找一名AI解决方案工程师，为海外客户提供专业的人工智能解决方案。作为一名AI解决方案工程师，你在新客户关系和现有客户关系的增长和发展中扮演着至关重要的角色。您的主要职责之一是充当客户和我们的人工智能数据团队之间的联络人，专注于促进顺利的购买过程。

岗位职责：
1、销售数据集产品和数据服务解决方案；
2、建立、发展和管理客户关系；
3、促进与每个客户的购买过程；
4、针对新客户制定和实施有效的销售策略；包括陌生电话和客户现场访问；
5、为客户提供技术支持；
6、定期与客户沟通，讨论他们的具体需求，提出建议，解决服务问题；
7、与数据项目经理和工程师合作，以帮助定义项目需求；

任职要求：
1、人工智能等领域的大学本科或以上学历；
2、在人工智能行业有1年及以上工作经验，英语流利；
3、人工智能的知识和对数据的熟悉度；
4、优秀的书面、口头沟通和公众演讲能力（包括但不限于中文及英文）；
5、卓越的组织能力和时间管理能力；


关于Magic Data

北京晴数智慧科技有限公司（Magic Data）主要从事人工智能数据服务的采集标注服务和数据集的销售。公司总部位于北京，在中国拥有数据处理中心，在香港拥有全资子公司。

Magic Data致力于为客户提供多维度、高精度、可靠的数据。这些数据围绕着五个前瞻性维度展开：覆盖范围、多维性、及时性、高精度和法规遵从性特征，以确保客户对结构化数据的总体需求。

Magic Data有承包商，覆盖了全球50种主要使用的语言。我们的主要客户包括但不限于世界各地的企业集团，包括保险金融、AIoT、社交媒体和电动汽车制造商。",15-30K,"['北京', '1-3年', '本科']",北京海淀区海淀文教产业园G座5层501,"['深度学习', '语音算法', '大数据处理工具(Spark/Hadoop/Hive)', '算法工程化经验']",https://www.zhipin.com/job_detail/4538a83dfcaa9fe21XB529S_GVNW.html,8.0
70,31,Magic Data,ASR项目实习生,"工作内容：
1、辅助语音TTS标注项目的各方面组织协调。
2、辅助和客户对接项目，理解项目需求，梳理规范，培训管理。
3、跟进项目进度，解答标注员疑问。
4、质检验收标注员的产出数据，达到项目要求的质量及工期
5、月度统计工作量，完成项目结算。

任职要求：
1、本科及以上学历，英语优秀，能英语沟通优先。
2、文字阅读理解能力优，思维敏感。
3、良好的抗压能力，乐观、积极、有较强的自我驱动力和职业发展计划，擅长与人沟通。
4、熟练使用excel,word等办公软件，对于新的工具有较快的学习能力。
5、良好的职业道德和职业操守，善于沟通与协调，良好的团队合作意识。",190-200元/天,"['北京', '4天/周 2个月', '学历不限']",北京海淀区海淀文教产业园G座5层501,"['兼职', '坐班']",https://www.zhipin.com/job_detail/e3994119f412c77b1X1_29i-EVBY.html,11.0
71,33,Magic Data,项目经理/项目主管,"工作内容
1.管理项目团队,保证团队的正常运营，协调解决项目和项目经理、组长工作上的问题。
2. 保障所有任务类型交付。
3. 保障所有任务标注数据交付（组内交付标效和质量合格率）达到项目要求。
4. 提升管辖团队凝聚力。

任职要求：
1）本科及以上学历，有团队管理经验。
2）有良好的职业道德和职业操守，擅于沟通与协调，良好的团队合作意识，较高的敏感度及一定的判断能力。
3）责任心强，工作细致认真，办事有条理，细心周到，能够从容应对突发事件并妥善上报与协调。

说明：本岗位偏管理类、工作地点是洛阳。

加分项
有以下行业经验：大数据·互联网·通信/网络设备",4-6K,"['洛阳', '1-3年', '本科']",洛阳洛龙区洛阳恒生科技园A区6栋905室,"['责任心', '中大型软件项目管理经验', '团队管理', '非技术项目管理', '大数据项目管理经验']",https://www.zhipin.com/job_detail/35bffd88b359b2551XB839W6ElRT.html,13.0
72,36,Magic Data,项目实习生（方言验收）,"工作内容：
1、闽南语和客家话方言的检查，验收，
2、工作时间：至少2个月。
项目要求：
1、能听懂闽南语和客家话，；
2.线上或者线下工作均可；
3、薪资200元/天，如果是线上工作的话，只要能完成当天的定量任务即可。",190-200元/天,"['北京', '3天/周 2个月', '学历不限']",北京海淀区北三环中路44号院文教产业园G座5层,"['台湾方言', '闽南语', '客家话']",https://www.zhipin.com/job_detail/6ba2f59457d15bf61HB43t69F1RY.html,16.0
73,38,Magic Data,方言验收实习生,"1.验收闽南语、陕西西安方言
2.需要至少2人
3.主要是检查文本和音频是否一致
4.细心、负责优先
5.上岗时间：本周到岗，每周至少来3-4天",170-180元/天,"['北京', '3天/周 2个月', '学历不限']",北京海淀区海淀文教产业园G座5层501,['兼职'],https://www.zhipin.com/job_detail/096fcc83839fe3d21XJ52d24ElFT.html,18.0
74,40,数据堂,标注质检员,"1.熟练掌握各类数据标注项目的规则及标注工具使用技巧，能够根据项目具体要求高质量地完成各类项目的标注工作;
2.对标注过程中的问题进行记录和反馈，根据需求方的意见和验收结果调整标注方法、完善标注规则;
3.负责数据标注任务的拆分与发布，监控项目进度和生产效率，及时通报进展并维护相关数据报表;
4.按照要求合并或整理标注结果，并对标注结果及验收意见进行分析;
5.定期总结，基于自身使用体验及用户反馈等信息提出对标注平台优化建议或项目效率改进方案;
6.在要求的期限内完成合格数据交付，对结果负责
任职要求:
1、有3d点云标注经验，对特定内容、图像等数据敏感，可判别数据内容的分类特征；
2、能依据具体的标准，完成各模型的效果评定；
3、有数据标注经验者、对机器学习的相关基本原理有了解者优先，接触学习过Linux系统相关命令者优先；
4、主动学习，沟通顺畅，能快速熟练掌握各类判别标准；
5、全日制专科及以上学历。",3-4K,"['保定', '经验不限', '大专']",保定莲池区保定莲池区双创基地无,"['全职工作', '标注方法优化', '标注结果抽查', '标注结果整理', '图片标注', '文本标注', '区域标注', '描点标注', '分类标注', '数据分析能力强']",https://www.zhipin.com/job_detail/5c09df711f4adb491XJz3dm1FVFY.html,0.0
75,43,数据堂,运维工程师,"工作内容：

负责和参与公司平台、数据库及各类中间件的部署、运维，涉及多台规模服务器，保障服务器稳定性和可用性。

任职要求：
1. 精通Linux操作系统的配置，管理及优化，能够独立排查及解决操作系统层的各类问题；
2. 掌握nginx，kafka，zabbix，docker，MongoDB，zookeeper，Samba等部署，有实际部署经验；
3. 熟悉 MySQL 数据库维护；
4. 可以编写简单的Python脚本，了解Java，有良好的系统性能优化及故障排除能力；
5. 协助编写项目相关文档；
6. 协助项目经理完成项目管理工作，推动项目验收；
7.该岗位需要出差；",7-10K,"['合肥', '1-3年', '大专']",合肥蜀山区蜀山区国际电子商务产业园四期D栋人工智能大厦12层,"['Linux', 'Python', 'Java', '服务器配置', '容器技术', '分布式技术', 'Nginx', 'Docker']",https://www.zhipin.com/job_detail/dd888fa0f8d483df1nZ83N21GFVQ.html,3.0
76,46,数据堂,市场运营实习生,"工作职责:
1.协助负责数据堂在海外合作平台的日常运营工作。
2.协助负责海外客户的开发信撰写与发送，包括数据监测和分析。
3.负责部分广告素材图的设计与制作。
4.领导交办的其他工作。

任职资格:
1.本科/研究生在读，有留学背景优先考虑，新闻／市场类专业优先。
2.英文听说读写能力优秀， 扎实的文字功底。
3.做事认真主动，逻辑性、结构化思维强，有数字思维，良好的沟通能力、团队协作能力、适应能力。
4.实习表现优异可以转正。",200-250元/天,"['北京', '4天/周 3个月', '本科']",北京海淀区数据堂(北京)科技股份有限公司1-4层,"['内容生产运营', '图文', '不接受居家办公', '公司宣传类']",https://www.zhipin.com/job_detail/735ae78d7dd1a91b1HB42Nm_GVNW.html,6.0
77,48,数据堂,加拿大魁北克法语兼职,"工作周期：长期兼职
每周工期：2-3天
工作时间：不限
工作时段：不限
结算方式：完工结
招聘截止时间：2024-07-12
兼职：魁北克法语的线上质检。

工作内容：
1.根据规范，将语音内容转写为语言文本
2.按照规范将语音截取成句判断噪音，有效性等属性，具体按规范操作。

 工作要求：
1.转写的词准确率要能打到98%及以上
2.标签属性正确率达到85%及以上

工作时间：
灵活每日可根据自己时间工作。可在家线上兼职，使用公司平台可进行培训

费用薪资：
120元/有效小时

结算方式：
  按月根据客户验收合格的数据进行结算",120-150元/时,"['深圳', '经验不限', '大专']",深圳南山区阳光粤海广东省深圳市南山区粤海街道粤桂社区白石路3818号阳光粤海花园二期3栋803,['兼职'],https://www.zhipin.com/job_detail/9d47c1baf2efd3051HF83tu9EVdV.html,8.0
78,51,数据堂,挪威语翻译,"兼职：挪威语、的线上质检。

工作内容：
1.根据规范，将语音内容转写为语言文本
2.按照规范将语音截取成句判断噪音，有效性等属性，具体按规范操作。

 工作要求：
1.转写的词准确率要能打到98%及以上
2.标签属性正确率达到85%及以上

工作时间：
灵活每日可根据自己时间工作。可在家线上兼职，使用公司平台可进行培训

费用薪资：
120元/有效小时

结算方式：
  按月根据客户验收合格的数据进行结算",4-8K,"['深圳', '经验不限', '学历不限']",深圳南山区阳光粤海广东省深圳市南山区粤海街道粤桂社区白石路3818号阳光粤海花园二期3栋803,"['兼职', '无需坐班']",https://www.zhipin.com/job_detail/74a330a48028f1b21HJ-39i6FVVX.html,11.0
79,54,数据堂,运维工程师,"工作内容：

负责和参与公司平台、数据库及各类中间件的部署、运维，涉及多台规模服务器，保障服务器稳定性和可用性。

任职要求：
1. 精通Linux操作系统的配置，管理及优化，能够独立排查及解决操作系统层的各类问题；
2. 掌握nginx，kafka，zabbix，docker，MongoDB，zookeeper，Samba等部署，有实际部署经验；
3. 熟悉 MySQL 数据库维护；
4. 可以编写简单的Python脚本，了解Java，有良好的系统性能优化及故障排除能力；
5. 协助编写项目相关文档；
6. 协助项目经理完成项目管理工作，推动项目验收；",7-10K,"['南昌', '1-3年', '大专']",南昌青云谱区国家电网迎宾北大道1588号国家电网江西省电力公司电力经济技术研究院,"['Linux', 'Python', 'Java', '服务器配置', '容器技术', '分布式技术', 'Nginx', 'Docker']",https://www.zhipin.com/job_detail/3602243ad3fb9dc61nZy3t64EVZU.html,14.0
80,57,数据堂,韩语销售经理,"岗位职责
1、根据市场情况，开拓国内外人工智能大数据市场；
2、独立完成公司数据采集、标注产品的销售，参与合同的谈判和签订；
3、维系现有老客户关系，挖掘客户需求，促成新订单；
4、了解客户状态，及时更新、维护、分析客户数据；
5、负责客户订单的跟踪和交付，并处理售后问题。
任职要求：
1、全日制统招本科以上学历，计算机、管理相关专业优先；有留学背景优先。
2、1-3年销售经验，了解互联网数据行业，对新事物接受度高，学习能力强
3、具有优秀的问题解决能力和沟通能力；
4、具有独立拓展新领域的能力，有冲劲；
5、开拓销售能力强，有一定承压能力。
6、TOPIK6，有汽车圈工作经验优先",15-25K,"['北京', '1-3年', '本科']",北京海淀区数据堂(北京)科技股份有限公司1-4层,['韩语'],https://www.zhipin.com/job_detail/c50a276ccaad62711HF_2di6EFVW.html,17.0
81,60,MindFlow,大客户销售助理,"【岗位职责】
1、客户关系管理，与客户建立并维护长期合作关系，通过提供高价值服务，促进客户续约及增购；
2、准确识别和理解客户需求，并将客户需求和反馈进行收集分析，形成解决方案；
3、客户的日常维护，包括咨询跟进、问题处理、培训提升、知识库汇总等支持服务；
4、建立客户档案，洞察客户的生命周期，针对不同阶段客户给予相应的支持；
5、整理更新技术手册等实施文件，整理、挖掘、宣传典型客户案例。

【岗位要求】
1、全日制统招一本以上学历，1-3年B端商务经验，有自动驾驶背景及客户成功经验者优先；
2、思路清晰，逻辑性强，目标导向，具备较强的学习能力和钻研精神；
3、具备敏锐的市场洞察能力，善于发现和分析行业，了解行业发展趋势；
4、对工作有热情且有创业精神，能承受业务快速拓展时期的压力",10-15K·15薪,"['北京', '1-3年', '本科']",北京朝阳区望京SOHO T1A座1A座815,"['互联网/科技', '汽车', '沟通能力', '企业（To B）', '协助开发新客户', '协助维护客户关系', '对机构（To B）销售经验']",https://www.zhipin.com/job_detail/6a1bebc1981976311HN92du-EVFR.html,0.0
82,63,MindFlow,曼孚科技招聘供应链专员,"岗位职责
1.按照公司供应商开发管理流程，寻找开发合适的供应商
2.负责供应商绩效评估以及分类分级管理
3.负责供应商池的搭建和维护，根据业务完成供应商资源的匹配
4.负责结合供需关系市场，进行价格及成本调研，推动业务体系成本优化
参与上述供应商管理要求的供应商管理系统功能设计

岗位要求
1.本科及以上学历 
2.3年及以上互联网行业跨品类供应商管理经验
3.有供应商管理体系搭建经验者优先。
4.对数据敏感，善于从数据的变化中获取业务发生的变化并熟练使用数据分析工具；
5.对互联网产品有经验、有理解、有热情；
6.可接受短期出差，一周左右

优先：在数据标注，采集等人工智能领域具有至少1年的寻源采购经验，且带有采集，标注团队资源

原标题：《供应链专员》",9-14K·16薪,"['北京', '1-3年', '本科']",北京朝阳区望京SOHO T1A座0815,"['英语能力好', '中大型供应链管理经验']",https://www.zhipin.com/job_detail/ff810c736dbf45081HJ_39q4EVBQ.html,3.0
83,66,MindFlow,产品经理,"岗位职责
1.和管理层一起制定公司战略规划，推动公司在3年内成为行业的TOP1，市场占有率超70%；
2.根据公司战略和行业发展走向，管理团队制定AI产品规划和落地实施；
3.持续挖掘用户需求进行产品创新，协调内外部资源推动产品功能实现及不断迭代；
4.负责产品生命周期管理、产品市场竞争情况分析以及新产品项目管理等。

任职要求
1.全日制本科及以上，985&211本科及以上；
2.有极其敏感的商业嗅觉，对科技公司的发展史、竞争策略了如指掌；
3.高度关注业务数据，善于通过分析业务数据来调整产品策略；
4.3年以上互联网数据平台产品经验或调度平台开发相关工作经验；
5.熟悉SAAS产品、中台产品设计开发的流程和细节；
6熟练掌握产品原型、流程图、思维导图等涉及工具，熟练掌握SQL；
7.良好的产品分析与设计思路、较强的逻辑分析能力、优秀的跨部门沟通能力、出色的快速学习能力、卓越的执行力；

优先条件：
1. 有人工智能领域产品相关工作经验或工作案例；

【我们为您提供】
1、专业系统的培训机制：新员工培训+部门培训+管理培训+岗位技能培训；
2、属于你的福利：带薪年假+不定期聚餐+节日福利+生日会+绩效奖金；
3、开心快乐的工作环境，学习文化氛围浓厚的办公环境，高人才密度的团队小伙伴；
4、便利的交通条件，望京SOHO逛吃很方便。",20-40K·18薪,"['北京', '3-5年', '本科']",北京朝阳区望京SOHOT1A座0815,"['功能产品', '策略产品', '人工智能产品', '平台产品', 'SAAS产品', 'B端产品', '市场调研', '产品规划']",https://www.zhipin.com/job_detail/cf1d95af6ce8b2cc1XR72Nm8FFRU.html,6.0
84,69,MindFlow,运维工程师,"岗位职责： 
1.负责本地Docker/K8S虚拟化平台部署、监控、运维工作； 
2.负责公有云各类云服务的日常运维。面向的云服务范围包含：计算、存储、容器、虚拟网络等基础类服务，PAAS、EI、AI、全局服务等高阶类服务。 
3.参与运维自动化脚本开发，积极实现容器运维自动化； 
4.编写并持续完善系统运维手册、部署文档、性能参数说明; 
5.各类故障和事务的应急响应和技术支持 。

岗位要求： 
1. 全日制正规院校本科及以上学历，计算机、软件、通信、信息等相关专业； 
2. 3年以上较大规模复杂生产环境的运维经验； 
3. 深入理解Linux系统及优化，熟练shell/python； 
优先条件： 
1. 有知名互联网公司从业经验者；",11-16K·15薪,"['杭州', '3-5年', '本科']",杭州滨江区联络大厦12楼1202,"['Docker', '运维开发经验', '运维经验']",https://www.zhipin.com/job_detail/93dabab5fb75ca701HNz0ty0FVdV.html,9.0
85,72,MindFlow,中高级测试工程师,"岗位职责：
1.  参与曼孚相关业务平台测试的全流程，包括参与需求分析，设计评审，制定测试计划，设计和执行测试用例，进行缺陷跟踪和软件质量分析等；
2.  编织软件测试报告并评估质量；
3. 制定测试流程与相关标准；

岗位要求：
1.  全日制正规院校本科及以上学历，计算机、软件、通信、信息等相关专业；
2.  2-3年以上测试经验(不含实习)，非外包；
3.  精通python，shell，go，java等至少一种编程语言，熟悉Linux系统；
4.  面对工作目标自我驱动及管理能力强，有激情和责任心，优秀的团队沟通和协作能力，以开放性思维，谦逊和积极乐观的态度对待工作和同事；

优先条件：
1. 有标注页面测试经验
2.有中大型分布式系统测试经验者优先；
3. 有接口、UI自动化测试经验者优先；
4.  有知名互联网公司工作经验者；",11-16K·15薪,"['北京', '1-3年', '本科']",北京朝阳区望京SOHO T1A座1A座815,"['自动化测试', '功能测试', '性能测试', '测试工作经验', '自动化测试经验']",https://www.zhipin.com/job_detail/527e1e12ef9e095f1HR-0tm_E1ZW.html,12.0
86,75,MindFlow,高级产品经理,"职位描述
1.负责公司某条平台产品线的需求定义和迭代，包括实现用户产能的管理、用户标签的挖掘与定义、用户匹配策略的设计、数据的统计与分析，对最终产品的价值负责；
2.协调资源推动产品功能实施，跟进项目进展，提高项目整体质量和开发效率;
3.负责产品上线后的功能推广工作，与公司内外部团队有效沟通，提升新产品在业务团队中的渗透，并搜集相关反馈，持续推进产品优化。

职位要求
1.本科及以上学历，3年产品经验，有人工智能、大数据相关行业背景优先；
2.有良好的产品分析、总结归纳能力，具有很好的跨团队沟通和协调能力，抗压能力强；
3.有广告引擎、推荐系统等策略类产品经验优先；
4.有团队管理经验优先

加分项
有以下行业经验：互联网",20-40K·16薪,"['北京', '3-5年', '本科']",北京朝阳区望京SOHOT1A座0815,"['功能产品', '策略产品', '产品设计', '数据产品', '人工智能产品', '平台产品', '中台产品', 'SAAS产品']",https://www.zhipin.com/job_detail/a7da106d21e5bc301Xd50tq9FlJT.html,15.0
87,78,MindFlow,产品经理,"薪资具体可谈~
岗位职责
1.负责标注平台工具类产品的落地，通过对工具模式、流程、操作的优化，提升自动驾驶3D/4D数据标注效率与质量
2.负责将AI能力与标注工具结合，关注标注行业市场动向，并分析竞品优劣，不断打造具有核心竞争力的产品
3.深入业务场景，洞察行业痛点与标注/验收需求，协同上下游及协同，推动产品迭代发展
4.追求标注、验收的极致体验，为效率与易用负责，追踪全流程和并持续打磨

职位要求
1.985/211本科及以上学历，计算机、软件工程、设计类相关专业优先
2.2年及以上ToB产品经验，有工具类产品经验优先。
3.具有清晰的逻辑思维框架，对业务数据敏感，善于分析问题背后的真相和核心原因
4.对用户行为和业务流程有敏锐的理解能力，有能发现问题的洞察力、判断力。
5.主动性强，能自驱地以目标与结果为导向做事
6.具备优秀的跨团队协作能力，能够协调业务、技术、算法团队拿下业务结果

加分项
有人工智能、新能源相关行业背景
有标注工具或设计类相关工具产品经验",18-30K·15薪,"['北京', '1-3年', '本科']",北京朝阳区望京SOHO T1A座1A座815,"['B端产品', '标注类产品', '设计类产品', '工具类产品']",https://www.zhipin.com/job_detail/d3954d54f96cc5df1HB729W6GVdX.html,18.0
88,80,Konvery Data,商务BD,"岗位职责：
- 负责公司在指定行业领域的商务发展，并为营收负责；
- 通过行业洞察和分析，设计/完善市场开拓和客户服务的架构流程；
- 主导 BD，充分理解客户需求的基础上灵活协调内外部资源，推动产品服务的高效交付；
- 维护并发展客户关系，及时了解行业需求变化和趋势，并反馈给内部团队。

任职要求：
- 具备本科及以上学历，3年以上商务工作经验，具有自动驾驶领域工作经验者优先；
- 具有良好的行业和市场分析能力，能够通过框架性思考构建方法论和知识库；
- 客户导向和结果导向，思维敏捷，思路开阔，能够高效完成客户需求拆解和资源配置；
- 团队管理和内部协作能力佳；
- 具有自动驾驶领域资源为加分项。",20-40K·15薪,"['北京', '3-5年', '本科']",北京海淀区搜狐网络大厦2层,"['渠道合作', '商务谈判能力', '大客户', '大客户销售经验', '商务拓展', '招投标工作', '互联网/科技', '销售', '商务谈判']",https://www.zhipin.com/job_detail/af0b1b29410f336e1XZ53N65F1dW.html,0.0
89,83,Konvery Data,大模型项目实习生（资源方向）,"工作内容：
1. 基于大模型方面的数据需求，支持寻找和招募人力资源；
2. 对人力进行培训和高效运营，来提升项目生产效率；
3. 配合项目经理完成必要的沟通和协调。

任职要求：
1. 高等院校在校学生，毕业时间不晚于2024年6月，能够保证每周4天以上，持续3个月以上的实习时间；
2. 有过招聘、社群运营等经验者优先；
3. 对人工智能和大模型有了解，会使用国内外大模型工具；
4. 有一定数据处理能力，会使用低代码工具者优先。",200-250元/天,"['北京', '4天/周 3个月', '本科']",北京海淀区搜狐网络大厦2层,"['大模型', '人工智能', '社群运营']",https://www.zhipin.com/job_detail/cc1c4ee90d95c8271HZ629S6E1ZZ.html,3.0
90,85,Konvery Data,Python实习生,"岗位职责：
* 支持数据项目的数据分包和格式转换等脚本技术工作，并不断迭代相关解决方案；
* 参与数据生产项目的结果和过程分析，并基于数据提出和落地规模化方案，提升生产效率；
* 参与其他项目相关工作。

任职要求：
* 大学本科/研究生在读，计算机、软件工程相关专业/实习经验者优先；每周可至少工作4天，可持续实习6个月（2024.8-2025.2）；
* 具有一定Python编程经验，熟悉os、shutil、pandas等模块；熟悉json格式；了解 Sql 基本查询、表关联等功能，对数据库有基本了解；
* 对 AI 行业感兴趣，善于理解和学习，沟通能力强。",200-230元/天,"['北京', '4天/周 6个月', '本科']",北京海淀区搜狐网络大厦二楼,"['Pandas', 'MySQL', 'json', 'Python']",https://www.zhipin.com/job_detail/baac7e8e977ec1391HF63di7GFdX.html,5.0
91,87,Konvery Data,解决方案经理,"岗位职责：
1. 与客户进行沟通，了解客户需求，提供专业的产品咨询和技术支持；协助团队制定销售策略和方案，为潜在客户提供定制化的解决方案。
2. 收集客户反馈，对产品和服务进行持续改进，提高客户满意度。
3. 协调内部资源，确保客户问题的及时解决，提高客户体验。
4. 与客户保持联系，维护良好的客户关系，持续挖掘服务机会。

任职要求：
1. 本科及以上学历，计算机科学等相关专业优先。
2. 5年左右商务/售前相关从业经验，具有人工智能数据行业经验优先。
3. 具有较强的沟通能力和表达能力，逻辑清晰，思路开阔，能够与客户进行专业的咨询式沟通。
4. 有团队协作精神，能积极参与跨部门的业务合作。
5. 能够接受差旅。

加分项
有以下行业经验：企业服务·大数据",25-35K·15薪,"['北京', '5-10年', '本科']",北京海淀区搜狐网络大厦2层,"['计算机/通信相关专业', '售前技术支持经验', '可适应出差']",https://www.zhipin.com/job_detail/006cc61cc5a7b8881X1_3Nq4GFZU.html,7.0
92,90,Konvery Data,商务经理 - 大模型业务,"岗位职责：
- 负责公司在大模型行业领域的商务发展，并为营收负责；
- 通过行业洞察和分析，设计/完善市场开拓和客户服务的架构流程；
- 推动商务流程，完成商机到收入的高效率转化；
- 充分理解客户需求的基础上灵活协调内外部资源，推动产品服务的高效交付；
- 维护并发展客户关系，及时了解行业需求变化和趋势，并反馈给内部团队。

任职要求：
- 具备本科及以上学历，3年以上人工智能相关行业商务工作经验，具有大模型领域工作经验者优先；
- 具有良好的行业和市场分析能力，能够通过框架性思考构建方法论和知识库；
- 客户导向和结果导向，思维敏捷，思路开阔，能够高效完成客户需求拆解和资源配置；
- 团队管理和内部协作能力佳。",20-35K·15薪,"['北京', '3-5年', '本科']",北京海淀区搜狐网络大厦2层,"['商务洽谈能力', '资源整合能力', '项目执行推进能力', 'To B销售经验']",https://www.zhipin.com/job_detail/e7a3652f8123c30c1Hdz2Ni5FlJT.html,10.0
93,93,Konvery Data,运营经理,"职位描述：
1. 通过多样化的方式，包括但不限于校园合作、招聘渠道、社交平台、社群等方式，招募和运营人才资源；
2. 梳理和分析人员画像，迭代运营模式，提升人员在项目中的活跃度和产出；
3. 协调和沟通项目团队之间的工作，促进信息的流通和工作的协同，确保项目的顺利进行。

职位要求：
1. 全日制本科及以上学历，2年以上用户/社群运营工作经验者优先。
2. 逻辑性好，沟通能力佳，能够快速输入和输出信息。
3. 具有创新思路，能够灵活应对变化和未知，对人工智能和大模型有兴趣，能够主动学习和探索新的知识。
4. 具有一定数据分析能力，掌握数据分析工具的使用者优先。",13-25K,"['北京', '1-3年', '本科']",北京海淀区搜狐网络大厦2层,"['C端用户', '社群运营经验', '沟通能力好', '数据分析能力好', '不接受居家办公', '用户画像与分层', '社群搭建与维护', '精细化运营策略设计']",https://www.zhipin.com/job_detail/a2dcded9270317d21HZy2Nu_GFNS.html,13.0
94,96,Konvery Data,运营经理,"职位描述：
1. 通过多样化的方式，包括但不限于校园合作、招聘渠道、社交平台、社群等方式，招募和运营人才资源；
2. 梳理和分析人员画像，迭代运营模式，提升人员在项目中的活跃度和产出；
3. 协调和沟通项目团队之间的工作，促进信息的流通和工作的协同，确保项目的顺利进行。

职位要求：
1. 全日制本科及以上学历，2年以上用户/社群运营工作经验者优先。
2. 逻辑性好，沟通能力佳，能够快速输入和输出信息。
3. 具有创新思路，能够灵活应对变化和未知，对人工智能和大模型有兴趣，能够主动学习和探索新的知识。
4. 具有一定数据分析能力，掌握数据分析工具的使用者优先。",13-25K,"['北京', '1-3年', '本科']",北京海淀区搜狐网络大厦2层,"['教育培训', '科技', '职场', '社区数据分析', '用户精细化运营', '促进用户生产内容']",https://www.zhipin.com/job_detail/0decdf67141a4ca11HZy2Nu8FFZY.html,16.0
95,99,Konvery Data,人力招募项目经理,"职位描述：
1. 通过对需求的分析，为相关项目预先储备多元化的人力资源，确保项目需求得到快速响应和满足。
2. 通过多样化的方式，包括但不限于校园合作、招聘渠道、社交平台、社群等方式，招募和运营人才资源；
3. 协调和沟通项目团队之间的工作，促进信息的流通和工作的协同，确保项目的顺利进行。

职位要求：
1. 全日制本科及以上学历，2年以上相关工作经验，有规模化人力团队的招募和运营经验优先。
2. 逻辑性好，沟通能力佳，能够快速输入和输出信息。
3. 具有创新思路，能够灵活应对变化和未知，对大模型项目有深入了解和兴趣，能够主动学习和探索新的知识。
4. 具有一定数据分析能力，掌握数据分析工具的使用者优先。",15-25K,"['北京', '1-3年', '本科']",北京海淀区搜狐网络大厦2层,['COE'],https://www.zhipin.com/job_detail/1205f684f84c73511HZ50ti5FFJV.html,19.0
96,100,景联文,产品/项目经理助理(可转正),"1.协助产品/项目经理，进行客户的需求整理和分析，需求文档撰写。
2.协助产品/项目经理进行数据搜集整理，对接供应商沟通需求和样例。
3.协助协调项目、研发团队日常进度及跟踪。

能力要求:
1.本科及以上学历，通过CET-4,熟悉office工具
2.专业不限，性格外向易擅长沟通
3.可实习3个月以上
注：面试共二轮，一轮人事线上初面，二轮业务部门线下二面",140-160元/天,"['杭州', '5天/周 3个月', '本科']",杭州萧山区杭州景联文科技有限公司信息港E-7,['软件/信息技术项目'],https://www.zhipin.com/job_detail/26daa8233f5f2bc91HB_3tm5GVZT.html,0.0
97,102,景联文,AI数据标注实习生（之江）,"【招聘岗位】：AI数据标注管理
【工作详情】：了解项目标注规则，使用相应软件进行标注，根据标注规则进行内容标注，保证数据交付质量。
【人员要求】：可以实习1个月以上，上班认真，不得无故请假，需要坐班，不迟到早退。
【薪资待遇】：150/天
【工作地址】： 杭州余杭区之江实验室
【工作时间】： 朝九晚六，双休
【备注】：需要尽快到岗；优秀者可开实习证明；薪资月结",140-150元/天,"['杭州', '5天/周 1个月', '大专']",杭州萧山区杭州湾信息港E1座7楼,"['数据标注', '图片标注', '标框标注']",https://www.zhipin.com/job_detail/3ed91c5275ce04be1HB639-6EldY.html,2.0
98,104,景联文,项目经理（军工）,"岗位内容：
1、制定项目计划:根据军工企业的战略目标和市场需求，以及科研项目的具体情况，制定详细的科研项目计划，明确项目的目标、任务、计划、进度和预算等，同时提出相应的实施方案；
2、监控项目进度:负责实时监控项目的进度和成本情况，及时发现和解决项目中出现的问题和风险，确保项目按照计划顺利进行；
3、管理项目资源:协调和有效利用军工企业内外部的资源，包括对接外协和上级单位等，确保项目的名项任务得以顺利完成；
4、质量管理与风险控制:根据军工企业的相关标准和要求，对科研项目进行质量管理，及时发现和解决项目中的问题和风险，确保项目的质量和进度；
5、沟通和协调:保持与项目团队成员、上级领导和其他利益相关方的良好沟通，协调各方意见和需求确保项目目标的实现；
6、项目总结与归档:在项目结束后，组织项目团队进行总结和评估，将项目资料归档，为今后的工作提供参考。

任职要求：
1、学历要求：本科以上学历，计算机等相关专业，硕士优先；
2、工作经验：至少有3年以上项目管理经验;熟悉人工智能、大数据相关专业知识；有数据采集、数据标注行业项目管理经验;
3、技能要求：有较强的各类报告及方案撰写能力，熟练掌PPT、Word,Excel等办公软件；PMP证书;
4、具有良好的独立工作能力、客情维护能力、沟通协调组织能力和团队协作能力。
5、能适应必要时的短期出差。",10-15K,"['北京', '3-5年', '本科']",北京海淀区光耀东方S座光耀东方广场羊坊店路18号1幢9层902室,"['计算机相关专业', '大数据项目管理经验', '实施交付经验']",https://www.zhipin.com/job_detail/abae0ce98195db2e1HB63N2_EVVZ.html,4.0
99,107,景联文,商务经理（GPT业务）,"岗位职责：
1、负责AI数据服务行业的开拓、维护，协调内部资源，完成个人季度及年度目标；
2、AIGC方向数据销售，承担销售指标：
3、实时把握客户需求，为客户提供一体化解决方案；
4、做好项目协同工作，全流程项目跟进，做好KA客户的服务工作，不断提高客户的合作价值；
5、与各渠道保持良好的沟通，积累行业人脉，有效执行和推进行业经营计划。
任职资格
1、本科以上学历，市场营销、计算机等相关专业；3年以上销售经验，需具备AI行业经验，有云服务相关经验优先；
2、熟悉商务谈判及顾问式营销方法与技能，通过有效的演讲、谈判，能获取商机、赢得客户认可并保持长期客户关系；
3、能接受出差，常规应酬，热爱销售工作；
4、善于沟通，学习力强，具备较强的沟通能力和抗压性。",15-25K,"['杭州', '3-5年', '本科']",杭州萧山区杭州湾信息港E1座7楼,"['对企业/机构（To B）销售经验', '企业（To B）', '人工智能', 'GPT', '互联网/科技']",https://www.zhipin.com/job_detail/c03eda4043c99cfc1HB42Nu1GFNX.html,7.0
100,110,景联文,项目经理pm,"岗位职责：
1、负责监督项目管理相关制度、流程和标准的执行情况，及时纠偏和完善；
2、各项目需求评估及分析，协调外部资源需求；
4、管控各项目成本、团队成员及供应商资源；
3、进度管理：推进项目进展，及时、稳妥处理项目重大突发事件，确保各项目按进度进行；
4、质量管理：负责监督各项目质量；
5、确保项目按照与客户约定的工期及质量标准提交数据；
6、客户关系管理：开展客户满意度调查，分析反馈结果，提出改进建议。
任职资格：
1、有项目管理或团队管理经验优先
2、本科及以上学历，12年及以上工作经验；
3、有较强的沟通、组织、策划管理经验优先；
4、有一定的项目管理经验，有数据或人工智能行业经验优先；
5、善于沟通协调， 责任心强，具有团队意识。",8-10K,"['杭州', '1-3年', '本科']",杭州萧山区杭州湾信息港E1座7楼,"['数据采集', '数据标注']",https://www.zhipin.com/job_detail/cd61fe4ba407177b1HB639u8GFBU.html,10.0
101,113,景联文,商务经理（GPT方向）,"岗位职责：
1、负责AI数据服务行业的开拓、维护，协调内部资源，完成个人季度及年度目标；
2、数据采集标注销售，承担销售指标：
3、实时把握客户需求，为客户提供一体化解决方案；
4、做好项目协同工作，全流程项目跟进，做好KA客户的服务工作，不断提高客户的合作价值；
5、与各渠道保持良好的沟通，积累行业人脉，有效执行和推进行业经营计划。
任职资格
1、 本科以上学历，市场营销、计算机等相关专业；2年以上销售经验，有数据服务、科技等相关行业工作经历优先；
2、 熟悉商务谈判及顾问式营销方法与技能，通过有效的演讲、谈判，能获取商机、赢得客户认可并保持长期客户关系；
3、 能接受出差，常规应酬，热爱销售工作；
4、善于沟通，学习力强，具备较强的沟通能力和抗压性。",12-20K,"['杭州', '3-5年', '本科']",杭州萧山区杭州景联文科技有限公司信息港E-7,"['企业（To B）', '人工智能', '大数据', 'GPT']",https://www.zhipin.com/job_detail/499ccabb7e26d93d1HB42Nu0FFRS.html,13.0
102,116,景联文,项目助理实习生,"(该岗位外语及相关专业优先，最好是小语种专业）
一、岗位描述：
1、收到客户合作意向后，详细了解客户的项目需求
2、负责数据的接收、分发、回收和提交，并确保每一步的数据安全
3、负责项目进展中的日常工作
4、按时提交项目报告、项目成果以及标志文件，并随时监控项目质量
5、部门经理安排的其他工作
6、工作时间：朝九晚六，双休，法定节假日
二、任职要求：
1、熟练掌握任意一门外语，具有外语读、写、听、说能力，全日制本科以上学历（外语专业优先，大专以上有两年以上工作经验亦可）
2、文字基础好，熟悉office，word，excel，ppt 
3、性格开朗、外向，能在工作中多学、多问；善于人沟通，有较强的交流能力，能很好的理解项目需求
4、熟悉项目管理流程，有较强的项目监控能力；有较强的责任心和事业心，能承受较大的工作压力
5、有驾照",120-170元/天,"['杭州', '5天/周 3个月', '本科']",杭州萧山区杭州湾信息港E座,"['项目助理', 'IT项目管理', '外语']",https://www.zhipin.com/job_detail/c57a8818e1446b001nR-3ty_FVtQ.html,16.0
103,118,景联文,商务经理（GPT方向）,"岗位职责：
1、负责AI数据服务行业的开拓、维护，协调内部资源，完成个人季度及年度目标；
2、数据采集标注销售，承担销售指标：
3、实时把握客户需求，为客户提供一体化解决方案；
4、做好项目协同工作，全流程项目跟进，做好KA客户的服务工作，不断提高客户的合作价值；
5、与各渠道保持良好的沟通，积累行业人脉，有效执行和推进行业经营计划。
任职资格
1、 本科以上学历，市场营销、计算机等相关专业；2年以上销售经验，有数据服务、科技等相关行业工作经历优先；
2、 熟悉商务谈判及顾问式营销方法与技能，通过有效的演讲、谈判，能获取商机、赢得客户认可并保持长期客户关系；
3、 能接受短期出差，常规应酬，热爱销售工作；
4、善于沟通，学习力强，具备较强的沟通能力和抗压性。",12-20K,"['深圳', '3-5年', '本科']",深圳南山区海岸大厦东座509,"['企业（To B）', '人工智能', '大数据', 'GPT']",https://www.zhipin.com/job_detail/7d15ac19604aba7c1HB42Nu6GFVV.html,18.0
104,120,上海爱数,渠道经理,"岗位职责描述
1.基于行业深耕、客户经营、生态共赢的销售策略，结合区域市场特点和行业策略，规划和发展多样性的合作伙伴网络，对区域伙伴的签约和经营
质量负责;
2.结合行业客户策略，拉通行业销售团队与行业伙伴的客户经营合作，对伙伴整体合作业绩产出负责
3.持续赋能伙伴，落地销售工具喊能、商机赋能、联合打单喊能完整的GTM赋能体系，提升伙伴能力，实现伙伴在商业市场的自主销售和服务
4.对商业市场的业务成功负责
经营好区域市场的品牌和口碑，通过客户沙龙、伙伴沙龙等市场活动持续传递爱数产品方案，激活客户与伙伴，确保区域市场良性发展
招聘要求:
1、本科及以上学历，5年以上客户销售、合作伙伴或渠道经营相关经验
2、能独立开展合作伙伴的签约规划、开拓、及持续经营工作;
3、不仅有面向客户的销售经验，更为重要的是能指导合作伙伴独立完成商机挖掘和客户经营:
4、30岁以下，重点考虑执行力强，学习能力强，职业化素养高的合作伙伴经理，30岁以上需要有合作伙伴网络规划和伙伴经营计划制定，执行能力.",20-28K,"['杭州', '5-10年', '本科']",杭州西湖区黄龙万科中心G座黄龙万科中心G座707,"['渠道关系维护', '渠道/机构客户开发', '代理商体系搭建', '软件/SaaS', '较强的渠道拓展能力', '具有线下渠道销售经验', '较强的市场分析能力', 'TOB']",https://www.zhipin.com/job_detail/6ea00e8a621edc291Hd73dq9FFFR.html,0.0
105,123,上海爱数,高级c++开发工程师,"职位描述：负责参与存储系统的设计与开发。将作为团队的重要成员，与团队一起研究、开发并优化高性能的存储解决方案，以满足公司业务发展的需求。
主要职责：
1.参与存储系统的设计和开发工作，实现高性能、高可靠性的存储解决方案；
2.对存储系统进行性能优化，提升存储效率，保证数据的稳定性与安全性；
3.跟踪存储领域的最新技术动态，提出创新性的解决方案，推动产品的持续改进与升级；
4.撰写相关的技术文档，与团队成员保持良好的沟通与合作，确保项目的顺利进行；
任职要求：
1.计算机相关专业本科及以上学历，5年以上C++编程经验，具备存储领域相关项目经验；
2.熟练掌握C++编程语言，熟悉面向对象编程思想，熟悉常用的数据结构和算法，具备良好的编程习惯；
3.对存储系统、文件系统、数据库等有深入了解，具备相关实践经验；
4.熟悉Linux操作系统及开发环境，了解网络编程、多线程编程等相关知识；
5.具备良好的分析问题与解决问题的能力，对技术有热情，具有持续学习与创新的能力；
6.优秀的团队合作与沟通能力，能够承担工作压力，具备高度的责任心与敬业精神。
加分项：
1.有分布式存储系统、云存储系统等相关领域的工作经验；
2.熟悉存储协议如NFS、SMB、POSIX等；
3.有过性能调优、故障排查等实际项目经验；",25-50K,"['上海', '3-5年', '本科']",上海闵行区爱数集团闵行区万泰路50号,"['C++', 'Linux开发/部署经验', '分布式存储', 'ceph']",https://www.zhipin.com/job_detail/7ed045394e08c9fb1Hd-29u-GFZR.html,3.0
106,126,上海爱数,资深大客户经理（企业行业）,"岗位职责：
1、负责公司上海区域大企业行业销售工作，根据公司制定的年度销售目标，完成销售任务；
2、 负责公司产品及解决方案在大区内的市场开拓，负责行业客户经营，深入了解客户业务需求，帮助客户完成数字化转型，实现业务成功
3、负责重点项目可行性分析，组织项目交流和谈判，在公司授权后负责项目投标、合同签订等；

任职资格：
1、本科及以上学历，8年以上销售经验，熟悉软件产品销售，具备企业行业运作经验；
2、有国际企业级软件公司、咨询公司、Saas软件厂商（领域优先）、国内大型IT厂商、人工智能产品厂商、数字化转型产品厂商等从业背景者优先考虑；
3、具备跟客户高层进行业务价值及场景交流能力，具备大项目运作能力；
4、丰富的大客户经营经验，对核心客户进行长期深耕，有决策链分析理论及攻克经验，熟悉行业数字化转型趋势；
5、有一定的过程管理经验，能够进行过程管理，销售数据分析中发现问题并进行改进；有数据要素、数据治理、数据中台、数据智能、智能运维、可观测性等相关产品经验优先考虑；
6、为人正直，有责任感，有成长型思维。

岗位亮点：
1、爱数公司2006年成立，全球规模1700人+，业务遍及40多个国家与地区，公司多年写入Gartner报告，发展稳步提升
2、客户覆盖金融、高端制造、运营商、政府、医疗、教育等数十个行业，业务遍及40多个国家与地区，获得27,000+家客户的认可
3、扁平化管理+以人为本
4、base上海",30-60K,"['上海', '5-10年', '本科']",上海闵行区爱数集团爱数,"['软件/SaaS', '较多出差', '较多外勤', 'B端市场开发经验', '软件/信息化服务销售经验', '计算机相关学历', '业务开拓能力', '商务谈判技巧', '新客户开发', '收集分析市场信息', '客户关系维护', '互联网/科技']",https://www.zhipin.com/job_detail/8a20bb7c3f1f54d21HJ62ty5GVtQ.html,6.0
107,129,上海爱数,高级golang开发工程师,"岗位要求：
1、本科及以上学历，计算机软件或相关专业，学习及逻辑思维能力强，工作严谨，5年以上工作经验
2、具备良好的计算机基础知识：数据结构、计算机网络、计算机操作系统
3、深刻理解面向对象设计原则并掌握常用设计模式，精通微服务架构设计模式
4、熟练掌握golang或c++编程语言
5、具有关系型数据、非关系型数据库的使用经验
6、具有云盘服务端文件元数据存储系统的开发经验更佳
工作职责：
1、参与企业云盘服务端的文件元数据存储系统的架构调优与实现
2、参与关系型数据库、非关系型数据库在业务场景的预研、设计和应用
3、维护责任模块稳定，负责模块新功能的开发工作，处理相关的bug和客户问题",25-40K,"['上海', '5-10年', '本科']",上海闵行区爱数集团闵行区万泰路50号,"['Golang', 'Python', 'Kubernetes', '计算机相关专业', 'gplang', '分布式存储']",https://www.zhipin.com/job_detail/38fc6bcfb76620231HF43tu_EFZW.html,9.0
108,132,上海爱数,技术工程师（海外）,"岗位职责：
1. 面向海外客户的远程技术支持，可以提供复杂的技术问题、应急恢复支持和指导，并能够深度对疑难问题进行分析诊断；
2. 负责关键技术难题的攻克，能够在重大项目上提供专业技术支持及解决方案；
3. 负责总结技术解决方案，撰写知识库技术文档。
岗位要求：
1.计算机通信或相关专业本科以上学历，英语能作为工作语言，具备海外技术支持经验者优先；
2.精通 Linux 操作系统以及常用命令，4 年以上系统运维工作经验，大型数据中心背景优先；
3. 对业界主流数据库（Oracle、SQLServer、MySQL）或者虚拟化（VMware、Openstack、华为云Stack平台等）熟练；
4. 客户服务能力和沟通能力强，能够处理复杂场景的内部和外部的沟通和协调；
5. 熟悉事件应急响应，包含安全事件的分析、安全事件溯源取证以及安全事件处置经验者优先；
6. 有较强的自我驱动力和学习能力，可以与团队攻克技术领域难题。
（可以接受时差，有海外支持经验者优先）",12-20K,"['长沙', '5-10年', '本科']",长沙世茂环球金融中心芙蓉区建湘路393号28层,"['VMware', 'MySQL/Oracle', '计算机/通信相关专业', 'IT技术支持经验', '售后支持/客户响应经验', '海外技术支持']",https://www.zhipin.com/job_detail/a7fe3cf3f7e72e821HJ-2dW0ElFZ.html,12.0
109,135,上海爱数,金融行业销售+大数据软件产品,"工作职责：
1、负责金融银行的拓展，包括在金融行业推广公司的产品、服务及解决方案；
2、清晰了解大行或总行的行业重点客户情况，并能够与重点客户实现以项目为基点的合作关系；
3、收集整理金融行业相关政策和信息，提出产品、服务、销售策略等调整建议；
4、结合项目管理经验，独立进行大项目运作。
任职要求：
1、本科及以上学历，具有5年左右的IT行业销售经验，掌握市场营销理论和专业知识；
2、具有一定的需求挖掘、行业拓展、大客户管理、大项目运作能力及实际经验；
3、较强的沟通能力，清晰的工作思路，高效的执行力；
4、有良好的团队合作精神，具有一定的抗压力，能适应区域内出差；
5、湖南、吉挤奶金银行等大行或总行的优质户资源",18-30K,"['北京', '3-5年', '本科']",北京丰台区金唐中心C座803,"['收集分析市场信息', '客户关系维护', '定制解决方案', '互联网/科技', '软件/SaaS', '较多外勤', 'B端市场开发经验', '软件/信息化服务销售经验', '计算机相关学历', '业务开拓能力', '商务谈判技巧', '深耕金融行业客户', '有客户经营能力', '数据智能产品方向']",https://www.zhipin.com/job_detail/3fef3ea0480e45841HV929u_EVVZ.html,15.0
110,138,上海爱数,大模型算法工程师,"【职位描述】
负责公司可观测性产品中的算法研发与优化，结合大模型技术提升产品的智能化水平，为运维、开发以及业务团队提供高效、智能的可观测性服务。深入理解业务场景和需求，持续研究并引入前沿的大模型技术，推动可观测性产品的技术创新与业务应用。
1、负责可观测性产品中算法模块的设计、开发与维护；
2、研究并应用大模型技术（如深度学习、自然语言处理等）提升产品的智能化分析能力；
3、与设计、测试以及其他技术团队合作，持续优化算法性能，提升用户体验和业务价值；
4、跟踪业界算法应用与大模型技术发展趋势，进行技术预研与储备；

【职位要求】
1、计算机、数学、统计学或相关专业硕士及以上学历，3年以上相关领域工作经验；
2、熟练掌握机器学习、深度学习等算法原理与实现，有大模型训练与调优经验者优先；
3、熟练掌握RAG、Agent等认知智能技术的实现及优化；
4、熟悉自然语言处理、时间序列分析等相关技术在可观测性领域的应用；
5、具备良好的编程能力，熟练使用Python、Golang等至少一种编程语言；
6、对解决具有挑战性问题充满激情，具备强大的自我驱动力和团队协作精神；
7、优秀的分析问题和解决问题的能力，对解决具有挑战性问题充满激情；
8、有良好的英文读写能力，能够熟练阅读和理解国际前沿技术文献与资料。",35-60K·13薪,"['上海', '5-10年', '硕士']",上海闵行区爱数集团闵行区万泰路50号,"['大模型算法', '自然语言处理算法', '算法工程化经验', '发表算法相关优秀论文', '大模型', 'LLM']",https://www.zhipin.com/job_detail/af14aa20b395253c1HB63N-1F1FR.html,18.0
111,140,致鑫科技,驻外翻译-西班牙语,"1.协助上级完成翻译相关任务，包括但不限于资料翻译、会议翻译等；
2.负责部门之间翻译、协调工作；
3.分析数据报表，并根据数据报表分析问题、提出建议并改进结果；
4.上级交办的其他工作
  

任职资格：
1.国内正规院校本科及以上学历，西班牙语专业四级（B2）及以上证书；
2.西语听说读写流利，熟练操作计算机办公软件；
3.具备较强的分析解决问题能力，有责任心及团队合作精神；工作积极主动。
有美签者优先",15-20K,"['北京', '3-5年', '本科']",北京大兴区国锐广场A座1209,"['企业内部翻译职位', '全职', '坐班', '商务谈判', '金融', 'DELE/SIELE C2', '西班牙语专业', '西语国家工作经历', '接受外派', '商务对接']",https://www.zhipin.com/job_detail/4216d064a7e8cb0c1XFz0ti9E1BV.html,0.0
112,143,致鑫科技,海外金融 - 模型、策略,"1、负责海外信贷业务的策略流程构建，并实时监控、优化迭代；
2、负责海外数据挖掘，给予APP、短信等数据源衍生变量；
3、负责海外模型开发、上线、迭代；",30-40K·15薪,"['北京', '经验不限', '本科']",北京大兴区国锐广场A-1209,['风控策略、模型'],https://www.zhipin.com/job_detail/bc1f20ccceba65221nx7392-EVtT.html,3.0
113,146,致鑫科技,C端产品经理,"岗位职责：
1.负责现金贷产品的C端设计，跟进C端产品交互与流程体验，对流程转化、用户体验和业务产出负责；
2.优化C端产品各流程转化、追求用户体验，联动各环节完成最优方案拆解，实现前台产品转化与体验目标；
3.结合既定目标，通过数据分析，用户调研等多种方式优化产品功能及用户体验，刺激业务发展；
4.组织协调交互、研发、测试等资源确保产品按时、高质量交付，并推动产品快速迭代；
岗位要求：
1.1-3年以上互联网前端产品工作经验，有信贷产品经历、知名互联网公司背景最佳；
2.注重用户体验，以打磨用户体验为己任，同时能合理平衡体验细节、成本、数据增长之间的关系；
3.数据敏感度高，对数据变化能快速分析，并针对分析结果提出解决方案并落地；
4.具备增长型思维，能够以增长为目标发现关键问题，并进行沟通、协调、推动项目落地；
5.极强的自驱力，统筹资源把握项目上线节奏，克服困难拿到结果；
加分项：
有以下行业经验：互联网金融、有海外留学或海外工作经验、或擅长英语或西班牙语等外语者可优先考虑；

加分项
有以下行业经验：互联网金融",11-12K,"['北京', '3-5年', '本科']",北京大兴区国锐广场A座1209,"['数据产品', 'C端产品', '前端产品', '市场调研', '用户研究', '用户增长', '数据分析']",https://www.zhipin.com/job_detail/a9a645ebaf72f78e1XZz3NW9ElNX.html,6.0
114,149,致鑫科技,小语种数据标注-阿拉伯语,"岗位职责
1、负责公司相关阿拉伯语文本数据的标注

2、结合标注需求,整理完善标注规则与标注方法。
岗位要求：
1、全日制本科以上学历，应届毕业生均可，其中就读阿拉伯语专业，及有阿拉伯语证书；
2、国籍为中国，有亚非地区留学或生活经验优先；
2、具有扎实的语言基本功，笔译流畅，有笔译经历，其中双语种能力者优先；
3、熟练使用办公软件，如word、excel等工具；
4、有吃苦耐劳的精神，且有一定的抗压能力；
5、工作务实，稳定踏实，责任心强；
6、工作严谨细致，思维敏捷，具备爱优秀的文字理解与表达能力；
7、具备良好的沟通能力与团队协作能力。",5-10K,"['北京', '经验不限', '本科']",北京大兴区国锐广场A座1209,['熟练此语种'],https://www.zhipin.com/job_detail/7c7b511649af6ada1XB-3NS6E1dQ.html,9.0
115,152,致鑫科技,小语种文本标注-西班牙语,"岗位职责
1、负责公司相关西语文本数据的标注

2、结合标注需求,整理完善标注规则与标注方法。
岗位要求：
1、全日制本科以上学历，应届毕业生均可，其中就读西班牙语专业，及有西班牙语专四或专八证书、DELE B2证书、SIELE认证优先；
2、国籍为中国，有西语地区留学或生活经验优先；
2、具有扎实的语言基本功，笔译流畅，有笔译经历，其中双语种能力者优先；
3、熟练使用办公软件，如word、excel等工具；
4、有吃苦耐劳的精神，且有一定的抗压能力；
5、工作务实，稳定踏实，责任心强；
6、工作严谨细致，思维敏捷，具备爱优秀的文字理解与表达能力；
7、具备良好的沟通能力与团队协作能力。",7-12K·15薪,"['北京', '经验不限', '本科']",北京大兴区国锐广场A座1209,['笔译'],https://www.zhipin.com/job_detail/b53e30194ca17abb1Xd529m5E1ZW.html,12.0
116,155,致鑫科技,翻译,"1、西语翻译；
2、风险策略预警和数据分析；",6-11K·15薪,"['北京', '1年以内', '学历不限']",北京大兴区国锐广场A-1209,"['口译', '笔译', '听译', '全职']",https://www.zhipin.com/job_detail/5dc8f12fdd4fb76c1XZz2dS0FFZZ.html,15.0
117,158,致鑫科技,信贷产品经理,"岗位职责：
1.负责拉美、欧洲、南亚和非洲金融信贷产品的APP端设计，跟进C端产品交互与流程体验，对流程转化、用户体验和业务产出负责；
2.优化C端产品各流程转化、追求用户体验，联动各环节完成最优方案拆解，实现高效转化与体验目标；
3.结合既定目标，通过数据分析，用户调研等多种方式优化产品功能及用户体验，刺激业务发展；
4.组织协调交互、研发、测试、商务等资源确保产品按时、高质量交付，并推动产品快速迭代；


岗位要求：
1.1-3年以上互联网APP产品工作经验，有海外现金贷信贷产品经历、知名互联网公司背景最佳；
2.注重用户体验，以打磨用户体验为己任，同时能合理平衡体验细节、成本、数据增长之间的关系；
3.数据敏感度高，对数据变化能快速分析，并针对分析结果提出解决方案并落地；
4.具备增长型思维，能够以增长为目标发现关键问题，并进行沟通、协调、推动项目落地；
5.【这一点极其重要】极强的自驱力，统筹资源把握项目上线节奏，克服困难拿到结果。",15-30K·14薪,"['北京', '1-3年', '本科']",北京大兴区国锐·金嵿A座1209,"['移动端产品', 'C端产品', '留学生优先', '国内院校优先', '英美留学生', '澳加留学生', '欧洲留学生', '海外头部']",https://www.zhipin.com/job_detail/3713c10f2610e60e1HR639i_GVJY.html,18.0
